{"stats":{"minecraft:custom":{"minecraft:interact_with_smithing_table":1,"minecraft:mob_kills":71,"minecraft:damage_dealt_resisted":69,"minecraft:leave_game":29,"minecraft:time_since_death":124402,"minecraft:climb_one_cm":11105,"minecraft:damage_resisted":136,"minecraft:sprint_one_cm":425675,"minecraft:walk_one_cm":897748,"minecraft:drop":19,"minecraft:talked_to_villager":1,"minecraft:deaths":6,"minecraft:sneak_time":10876,"minecraft:walk_under_water_one_cm":62861,"minecraft:jump":3359,"minecraft:walk_on_water_one_cm":15618,"minecraft:play_one_minute":719587,"minecraft:time_since_rest":124458,"minecraft:damage_taken":3504,"minecraft:damage_dealt":1363,"minecraft:interact_with_beacon":2,"minecraft:swim_one_cm":267,"minecraft:fly_one_cm":3828117,"minecraft:open_chest":1,"minecraft:crouch_one_cm":9760,"minecraft:fall_one_cm":65992},"minecraft:killed_by":{"minecraft:spider":1},"minecraft:picked_up":{"create:andesite_bricks":3,"minecraft:splash_potion":12,"minecraft:potion":1,"biomesoplenty:cherry_slab":1,"minecraft:string":2,"minecraft:item_frame":1,"additionalguns:schwarzlose":1,"minecraft:poppy":3,"minecraft:torch":62,"minecraft:prismarine_crystals":32,"minecraft:arrow":9,"minecraft:lime_carpet":18,"minecraft:rotten_flesh":16,"serene_shrubbery:purple_hydrangea":1,"minecraft:gunpowder":10,"minecraft:dirt":38,"minecraft:leather_boots":1,"minecraft:cooked_mutton":64,"minecraft:red_carpet":71,"minecraft:bone":9,"minecraft:wheat_seeds":6,"minecraft:milk_bucket":1,"valhelsia_structures:paper_wall":1,"minecraft:sea_lantern":1,"cgm:pistol":1,"minecraft:golden_apple":1},"minecraft:killed":{"hordes:zombie_player":3,"minecraft:spider":7,"undead:theheavy":1,"minecraft:skeleton":20,"undead:spitter":1,"minecraft:bat":1,"minecraft:creeper":26,"minecraft:zombie":12},"minecraft:dropped":{"minecraft:diamond":64,"horror_element_mod:spider_head":1,"horror_element_mod:slashed_skull":2,"minecraft:red_carpet":1,"horror_element_mod:villager_head":1,"create:handheld_worldshaper":1,"minecraft:milk_bucket":1,"gravestone:obituary":1,"cgm:pistol":1,"createdeco:iron_sheet_slab":1,"horror_element_mod:hanging_corpse_1":1,"minecraft:cooked_mutton":128,"horror_element_mod:human_remains":2,"horror_element_mod:crucified_body":1,"horror_element_mod:steve_head":1,"additionalguns:schwarzlose":1},"minecraft:used":{"undead:cookedstuffedflesh":1,"serene_shrubbery:purple_hydrangea":1,"minecraft:netherite_sword":7,"minecraft:flint_and_steel":44,"minecraft:white_tulip":18,"minecraft:redstone":6,"create:andesite_bricks":577,"minecraft:oak_sign":2,"mcwfurnituresbop:stripped_cherry_covered_desk":25,"minecraft:spruce_planks":97,"undead:wrefflemushroom":1,"minecraft:stone":112,"minecraft:zombie_spawn_egg":6,"create:layered_dolomite":1,"horror_element_mod:acid_blood_2":15,"mcwfurnitures:dark_oak_chair":13,"createdeco:cracked_dusk_bricks":10,"mcwfurnitures:dark_oak_table":3,"undead:glowingbarnacles":1,"valhelsia_structures:paper_wall":62,"horror_element_mod:acid_blood_1":8,"minecraft:torch":24,"biomesoplenty:stripped_cherry_log":41,"minecraft:dirt":1,"minecraft:skeleton_spawn_egg":1,"additionalguns:ravens_claw":4,"horror_element_mod:blood_8":2,"minecraft:orange_wool":345,"minecraft:granite":2,"mcwfurnitures:dark_oak_counter":36,"minecraft:obsidian":15,"createdeco:netherite_sheet_metal":32,"immersive_portals:portal_helper":376,"undead:minersdrinks":3,"minecraft:milk_bucket":10,"minecraft:polished_diorite":19,"biomesoplenty:maple_sapling":1,"createdeco:iron_sheet_stairs":29,"horror_element_mod:blood_6":7,"minecraft:glass":126,"undead:stuffedflesh":1,"minecraft:light_weighted_pressure_plate":5,"minecraft:sea_lantern":469,"minecraft:lava_bucket":1,"minecraft:netherite_shovel":51,"biomesoplenty:fir_sapling":4,"mcwfurnitures:oak_modern_chair":3,"minecraft:red_tulip":24,"mcwfurnitures:spruce_chair":34,"biomesoplenty:cherry_planks":77,"create:dark_oak_window_pane":19,"minecraft:iron_block":9,"undead:snowgoo":1,"minecraft:grass_block":651,"minecraft:blue_orchid":15,"minecraft:slime_block":22,"carryon:entity_item":16,"minecraft:warped_nylium":11,"undead:soulsoup":4,"minecraft:dark_oak_slab":120,"mcwfurnitures:dark_oak_covered_desk":1,"valhelsia_structures:dark_oak_post":20,"valhelsia_structures:bone_pile":57,"mcwfurnitures:spruce_striped_chair":24,"horror_element_mod:bloody_tombstone":17,"createdeco:iron_sheet_metal":13,"minecraft:item_frame":15,"createdeco:dusk_short_bricks_slab_vert":50,"minecraft:bedrock":2,"minecraft:red_carpet":558,"horror_element_mod:green_blood_1":5,"minecraft:yellow_glazed_terracotta":4,"additionalguns:ssg08":41,"minecraft:podzol":8,"chisel:antiblock/magenta":1,"minecraft:acacia_wood":148,"minecraft:stone_pressure_plate":6,"horror_element_mod:blood_9":34,"horror_element_mod:blood_5":3,"undead:stuffedfleshberger":1,"valhelsia_structures:brazier":13,"biomesoplenty:fir_fence":30,"mcwfurnitures:dark_oak_coffee_table":61,"create:handheld_worldshaper":18,"horror_element_mod:primitive_head":4,"minecraft:water_bucket":24,"horror_element_mod:broken_tv":2,"minecraft:diorite":17,"horror_element_mod:scientist_body":1,"horror_element_mod:severed_hand":5,"minecraft:red_stained_glass":5,"cgm:pistol":43,"horror_element_mod:spiked_body":2,"horror_element_mod:slashed_skull":5,"minecraft:oak_planks":381,"create:layered_diorite":172,"biomesoplenty:stripped_fir_wood":82,"horror_element_mod:impaled_head":11,"biomesoplenty:fir_leaves":23,"biomesoplenty:fir_planks":16,"createdeco:blue_brick_tiles_wall":45,"minecraft:stonecutter":1,"additionalguns:schwarzlose":32,"additionalguns:mp7":93,"create:diorite_bricks":56,"create:andesite_bricks_stairs":76,"mcwfurnituresbop:cherry_striped_chair":1,"minecraft:smooth_quartz_stairs":17,"minecraft:golden_apple":2,"horror_element_mod:sign_2":2,"undead:wreffledirtblock":1,"create:paved_diorite":6,"horror_element_mod:spider_head":3,"minecraft:vine":41,"serene_shrubbery:white_lupine":6,"mcwfurnituresbop:stripped_cherry_modern_chair":10,"undead:eeggoo":1,"minecraft:birch_sign":3,"minecraft:blast_furnace":3,"minecraft:cave_spider_spawn_egg":1,"minecraft:sponge":7,"minecraft:campfire":48,"serene_shrubbery:sunset_foxglove":1,"minecraft:dark_oak_fence_gate":1,"minecraft:lingering_potion":43,"biomesoplenty:orange_autumn_sapling":1,"minecraft:smoker":2,"undead:glowingsoup":3,"create:paved_diorite_slab":88,"serene_shrubbery:pink_lupine":6,"minecraft:dark_oak_log":1,"minecraft:command_block":3,"minecraft:lime_carpet":46,"createdeco:polished_iron_bars_overlay":16,"minecraft:netherite_axe":1,"mcwfurnitures:dark_oak_modern_chair":7,"horror_element_mod:spiked_villager":1,"createdeco:iron_sheet_slab":123,"minecraft:gravel":25,"biomesoplenty:cherry_slab":440,"biomesoplenty:cherry_fence_gate":4,"undead:apealingdrink":3,"valhelsia_structures:cut_acacia_post":6,"minecraft:coal_block":1,"undead:wrefflesoup":4,"minecraft:cobblestone":1,"minecraft:potion":3,"createdeco:gold_bars":8,"undead:whitespidereye":1,"minecraft:cooked_porkchop":2,"chisel:antiblock/orange":1,"minecraft:smithing_table":8,"undead:fermentedwhitespidereye":2,"horror_element_mod:herobrine_head":13,"undead:ghostdarkoak":1,"additionalguns:mp7a2":94,"minecraft:grass_path":293,"minecraft:polished_blackstone_button":4,"horror_element_mod:marine_body":4,"biomesoplenty:fir_log":225,"create:dark_oak_window":23,"minecraft:gray_wool":2,"minecraft:bone_meal":87,"minecraft:splash_potion":56}},"DataVersion":2586}