{"stats":{"minecraft:custom":{"minecraft:interact_with_smithing_table":1,"minecraft:mob_kills":123,"minecraft:damage_dealt_resisted":513,"minecraft:leave_game":43,"minecraft:time_since_death":45538,"minecraft:climb_one_cm":12431,"minecraft:damage_resisted":675,"minecraft:sprint_one_cm":566906,"minecraft:walk_one_cm":1156652,"minecraft:drop":27,"minecraft:talked_to_villager":1,"minecraft:deaths":11,"minecraft:sneak_time":12383,"minecraft:walk_under_water_one_cm":71648,"minecraft:jump":4486,"minecraft:walk_on_water_one_cm":29568,"minecraft:play_one_minute":928806,"minecraft:time_since_rest":45647,"minecraft:damage_taken":6129,"minecraft:damage_absorbed":481,"minecraft:damage_dealt":1455,"minecraft:interact_with_beacon":2,"minecraft:player_kills":1,"minecraft:swim_one_cm":267,"minecraft:fly_one_cm":4637660,"minecraft:open_chest":1,"minecraft:crouch_one_cm":11605,"minecraft:fall_one_cm":73627},"minecraft:mined":{"minecraft:tall_grass":3,"minecraft:grass":8},"minecraft:killed_by":{"minecraft:player":4,"minecraft:spider":1},"minecraft:picked_up":{"create:andesite_bricks":3,"minecraft:splash_potion":12,"minecraft:potion":1,"biomesoplenty:cherry_slab":1,"minecraft:string":4,"minecraft:item_frame":1,"minecraft:iron_shovel":1,"minecraft:beef":1,"additionalguns:schwarzlose":1,"minecraft:poppy":3,"minecraft:light_gray_wool":1,"minecraft:torch":62,"undead:blackpetal":2,"minecraft:redstone":4,"minecraft:prismarine_crystals":32,"minecraft:lime_carpet":18,"minecraft:arrow":11,"minecraft:rotten_flesh":21,"minecraft:mutton":4,"minecraft:white_wool":1,"biomesoplenty:stripped_fir_wood":1,"serene_shrubbery:purple_hydrangea":1,"minecraft:gunpowder":74,"minecraft:dirt":104,"minecraft:cooked_mutton":128,"minecraft:leather_boots":1,"minecraft:red_carpet":71,"minecraft:bone":9,"minecraft:wheat_seeds":8,"minecraft:iron_ingot":64,"securitycraft:mine":3,"minecraft:milk_bucket":1,"valhelsia_structures:paper_wall":1,"minecraft:sea_lantern":1,"cgm:pistol":1,"minecraft:polished_blackstone_button":10,"minecraft:golden_apple":1,"undead:soulshard":1},"minecraft:killed":{"hordes:zombie_player":3,"minecraft:spider":9,"undead:themermaid":2,"undead:theheavy":3,"minecraft:skeleton":24,"undead:spitter":1,"undead:thebomber":2,"undead:themoonflower":2,"minecraft:pig":5,"minecraft:bat":1,"minecraft:creeper":32,"minecraft:sheep":3,"undead:thescreamer":1,"minecraft:zombie":31,"undead:thestone":1,"minecraft:cow":1},"minecraft:dropped":{"minecraft:iron_ingot":32,"minecraft:diamond":64,"horror_element_mod:spider_head":1,"horror_element_mod:slashed_skull":2,"minecraft:red_carpet":1,"horror_element_mod:villager_head":1,"create:handheld_worldshaper":1,"minecraft:milk_bucket":1,"gravestone:obituary":3,"cgm:pistol":1,"createdeco:iron_sheet_slab":1,"horror_element_mod:hanging_corpse_1":1,"biomesoplenty:stripped_fir_wood":1,"undead:blackpetal":2,"minecraft:cooked_mutton":160,"minecraft:gunpowder":32,"horror_element_mod:human_remains":2,"horror_element_mod:crucified_body":1,"horror_element_mod:steve_head":1,"additionalguns:schwarzlose":1},"minecraft:used":{"undead:cookedstuffedflesh":1,"serene_shrubbery:purple_hydrangea":1,"minecraft:netherite_sword":7,"minecraft:flint_and_steel":44,"minecraft:white_tulip":18,"minecraft:redstone":89,"create:andesite_bricks":595,"minecraft:oak_sign":2,"additionalguns:awm":5,"mcwfurnituresbop:stripped_cherry_covered_desk":25,"minecraft:spruce_planks":97,"undead:wrefflemushroom":1,"minecraft:stone":174,"minecraft:zombie_spawn_egg":101,"additionalguns:over_under":2,"create:layered_dolomite":1,"horror_element_mod:acid_blood_2":15,"mcwfurnitures:dark_oak_chair":13,"undead:glowingbarnacles":1,"createdeco:cracked_dusk_bricks":10,"mcwfurnitures:dark_oak_table":3,"valhelsia_structures:paper_wall":62,"horror_element_mod:acid_blood_1":8,"minecraft:torch":24,"biomesoplenty:stripped_cherry_log":41,"minecraft:dirt":7,"minecraft:skeleton_spawn_egg":1,"additionalguns:ravens_claw":4,"horror_element_mod:blood_8":2,"minecraft:orange_wool":345,"minecraft:granite":2,"mcwfurnitures:dark_oak_counter":36,"minecraft:obsidian":15,"createdeco:netherite_sheet_metal":32,"minecraft:milk_bucket":10,"undead:minersdrinks":3,"immersive_portals:portal_helper":376,"minecraft:polished_diorite":21,"biomesoplenty:maple_sapling":1,"createdeco:iron_sheet_stairs":29,"horror_element_mod:blood_6":7,"minecraft:glass":126,"undead:stuffedflesh":1,"minecraft:netherite_shovel":51,"minecraft:sea_lantern":483,"minecraft:lava_bucket":1,"minecraft:light_weighted_pressure_plate":5,"minecraft:grass_block":781,"minecraft:red_tulip":24,"mcwfurnitures:oak_modern_chair":3,"biomesoplenty:cherry_planks":77,"mcwfurnitures:spruce_chair":34,"create:dark_oak_window_pane":19,"biomesoplenty:fir_sapling":4,"minecraft:iron_block":9,"undead:snowgoo":1,"minecraft:blue_orchid":15,"minecraft:slime_block":22,"carryon:entity_item":17,"minecraft:warped_nylium":11,"undead:soulsoup":4,"minecraft:dark_oak_slab":120,"mcwfurnitures:dark_oak_covered_desk":1,"valhelsia_structures:dark_oak_post":20,"valhelsia_structures:bone_pile":57,"mcwfurnitures:spruce_striped_chair":24,"horror_element_mod:bloody_tombstone":17,"createdeco:iron_sheet_metal":13,"minecraft:item_frame":15,"createdeco:dusk_short_bricks_slab_vert":50,"minecraft:bedrock":2,"minecraft:repeater":15,"horror_element_mod:green_blood_1":5,"minecraft:red_carpet":564,"minecraft:yellow_glazed_terracotta":4,"additionalguns:ssg08":41,"minecraft:podzol":8,"chisel:antiblock/magenta":1,"minecraft:acacia_wood":148,"minecraft:stone_pressure_plate":6,"horror_element_mod:blood_9":34,"horror_element_mod:blood_5":3,"cgm:heavy_rifle":9,"undead:stuffedfleshberger":1,"valhelsia_structures:brazier":13,"minecraft:enchanted_golden_apple":7,"biomesoplenty:fir_fence":30,"mcwfurnitures:dark_oak_coffee_table":61,"undead:thebladedancer_spawn_egg":1,"create:handheld_worldshaper":23,"horror_element_mod:primitive_head":4,"minecraft:water_bucket":24,"horror_element_mod:broken_tv":3,"minecraft:diorite":22,"horror_element_mod:scientist_body":1,"horror_element_mod:spiked_body":2,"minecraft:red_stained_glass":5,"horror_element_mod:severed_hand":5,"cgm:pistol":43,"minecraft:dark_oak_sign":6,"minecraft:prismarine":203,"horror_element_mod:slashed_skull":5,"minecraft:oak_planks":381,"create:layered_diorite":172,"horror_element_mod:impaled_head":11,"biomesoplenty:stripped_fir_wood":83,"biomesoplenty:fir_leaves":23,"biomesoplenty:fir_planks":16,"createdeco:blue_brick_tiles_wall":45,"create:diorite_bricks":56,"additionalguns:schwarzlose":32,"additionalguns:mp7":101,"minecraft:stonecutter":1,"create:andesite_bricks_stairs":76,"mcwfurnituresbop:cherry_striped_chair":1,"minecraft:smooth_quartz_stairs":17,"minecraft:oak_leaves":13,"elevatorid:elevator_white":3,"horror_element_mod:sign_2":2,"minecraft:golden_apple":2,"undead:wreffledirtblock":1,"create:paved_diorite":6,"horror_element_mod:spider_head":3,"minecraft:vine":41,"serene_shrubbery:white_lupine":6,"mcwfurnituresbop:stripped_cherry_modern_chair":10,"undead:eeggoo":1,"minecraft:blast_furnace":3,"minecraft:birch_sign":3,"minecraft:sponge":18,"minecraft:cave_spider_spawn_egg":24,"minecraft:campfire":48,"serene_shrubbery:sunset_foxglove":1,"minecraft:dark_oak_fence_gate":1,"minecraft:lingering_potion":43,"biomesoplenty:orange_autumn_sapling":1,"minecraft:smoker":2,"undead:glowingsoup":3,"create:paved_diorite_slab":88,"serene_shrubbery:pink_lupine":6,"minecraft:dark_oak_log":1,"minecraft:command_block":57,"minecraft:lime_carpet":46,"createdeco:polished_iron_bars_overlay":16,"minecraft:barrier":177,"minecraft:netherite_axe":1,"mcwfurnitures:dark_oak_modern_chair":7,"horror_element_mod:spiked_villager":1,"createdeco:iron_sheet_slab":123,"cgm:assault_rifle":204,"minecraft:gravel":25,"biomesoplenty:cherry_slab":440,"biomesoplenty:cherry_fence_gate":4,"valhelsia_structures:cut_acacia_post":6,"undead:apealingdrink":3,"minecraft:coal_block":2,"undead:wrefflesoup":4,"minecraft:cobblestone":1,"minecraft:potion":3,"createdeco:gold_bars":8,"additionalguns:ace_of_spades":64,"undead:whitespidereye":1,"minecraft:cooked_porkchop":2,"chisel:antiblock/orange":1,"minecraft:smithing_table":8,"undead:fermentedwhitespidereye":2,"horror_element_mod:herobrine_head":13,"undead:ghostdarkoak":1,"additionalguns:mp7a2":94,"minecraft:grass_path":293,"minecraft:polished_blackstone_button":36,"horror_element_mod:marine_body":4,"biomesoplenty:fir_log":225,"cgm:mini_gun":100,"create:dark_oak_window":23,"minecraft:gray_wool":2,"minecraft:splash_potion":56,"minecraft:bone_meal":87,"mcwdoors:spruce_four_panel_door":4}},"DataVersion":2586}