{"stats":{"minecraft:killed":{"minecraft:spider":9,"undead:themermaid":2,"undead:thebladedancer":1,"undead:theheavy":3,"minecraft:skeleton":24,"undead:spitter":1,"undead:thebomber":2,"minecraft:pig":5,"minecraft:creeper":32,"minecraft:sheep":3,"minecraft:zombie":44,"minecraft:cow":1,"hordes:zombie_player":3,"undead:themoonflower":2,"minecraft:husk":4,"minecraft:bat":1,"undead:thescreamer":1,"undead:thestone":1},"minecraft:mined":{"minecraft:grass_block":1,"minecraft:grass":15,"minecraft:tall_grass":4},"minecraft:dropped":{"minecraft:diamond":64,"horror_element_mod:spider_head":1,"pretaccraft:operator_armor_boots":1,"minecraft:red_carpet":1,"minecraft:dirt":1,"pretaccraft:o_old_armor_helmet":2,"minecraft:husk_spawn_egg":64,"gravestone:obituary":7,"pretaccraft:high_protection_class_armor_plate":1,"cgm:pistol":1,"minecraft:netherite_sword":2,"undead:glutonnyleech":1,"minecraft:lime_dye":1,"undead:blackpetal":2,"minecraft:cooked_mutton":160,"pretaccraft:operator_armor_leggings":1,"pretaccraft:strong_cloth":1,"minecraft:gunpowder":32,"pretaccraft:heavy_armor_helmet":3,"pretaccraft:nylon_stripe":1,"pretaccraft:combat_armor_leggings":2,"horror_element_mod:steve_head":1,"additionalguns:schwarzlose":1,"minecraft:iron_ingot":32,"pretaccraft:tactical_armor_helmet":1,"pretaccraft:aramid":1,"pretaccraft:combat_armor_helmet":2,"horror_element_mod:slashed_skull":2,"pretaccraft:o_old_armor_leggings":1,"horror_element_mod:villager_head":1,"create:handheld_worldshaper":1,"minecraft:milk_bucket":1,"pretaccraft:heavy_armor_boots":3,"pretaccraft:o_old_armor_chestplate":1,"minecraft:red_dye":1,"minecraft:iron_shovel":1,"pretaccraft:combat_armor_chestplate":1,"pretaccraft:combat_armor_boots":1,"minecraft:redstone":5,"createdeco:iron_sheet_slab":1,"horror_element_mod:hanging_corpse_1":1,"pretaccraft:operator_armor_helmet":1,"biomesoplenty:stripped_fir_wood":1,"pretaccraft:heavy_armor_leggings":2,"pretaccraft:heavy_armor_chestplate":1,"pretaccraft:plate_bag":1,"pretaccraft:operator_armor_chestplate":1,"pretaccraft:tactical_armor_leggings":1,"horror_element_mod:human_remains":2,"horror_element_mod:crucified_body":1,"pretaccraft:tactical_armor_chestplate":1,"pretaccraft:armor_plate":1,"pretaccraft:tactical_armor_boots":1},"minecraft:picked_up":{"create:andesite_bricks":3,"pretaccraft:o_old_armor_leggings":2,"minecraft:potion":1,"minecraft:string":4,"pretaccraft:operator_armor_chestplate":1,"pretaccraft:combat_armor_chestplate":1,"pretaccraft:tactical_armor_helmet":1,"pretaccraft:strong_cloth":2,"minecraft:torch":62,"undead:blackpetal":2,"pretaccraft:operator_armor_helmet":2,"minecraft:lime_carpet":18,"minecraft:rotten_flesh":33,"pretaccraft:tactical_armor_leggings":1,"minecraft:cobblestone":11,"biomesoplenty:stripped_fir_wood":1,"undead:stuffedflesh":3,"pretaccraft:o_old_armor_chestplate":2,"minecraft:dirt":128,"minecraft:leather_boots":1,"minecraft:bone":9,"minecraft:wheat_seeds":9,"pretaccraft:heavy_armor_chestplate":2,"minecraft:dark_oak_sign":1,"securitycraft:mine":3,"pretaccraft:tactical_armor_boots":2,"pretaccraft:combat_armor_boots":2,"cgm:pistol":1,"minecraft:diamond":58,"minecraft:polished_blackstone_button":10,"pretaccraft:heavy_armor_leggings":4,"pretaccraft:operator_armor_leggings":1,"minecraft:golden_apple":1,"pretaccraft:tactical_armor_chestplate":1,"pretaccraft:heavy_armor_boots":3,"minecraft:splash_potion":12,"pretaccraft:operator_armor_boots":2,"gravestone:obituary":2,"biomesoplenty:cherry_slab":1,"minecraft:item_frame":1,"minecraft:iron_shovel":3,"minecraft:netherite_sword":2,"minecraft:beef":1,"additionalguns:schwarzlose":1,"minecraft:poppy":3,"minecraft:light_gray_wool":1,"pretaccraft:combat_armor_helmet":2,"minecraft:redstone":4,"minecraft:prismarine_crystals":32,"pretaccraft:plate_bag":2,"pretaccraft:heavy_armor_helmet":3,"minecraft:arrow":11,"pretaccraft:aramid":2,"minecraft:mutton":4,"pretaccraft:combat_armor_leggings":2,"minecraft:white_wool":1,"pretaccraft:armor_plate":2,"serene_shrubbery:purple_hydrangea":1,"minecraft:gunpowder":74,"minecraft:cooked_mutton":128,"pretaccraft:high_protection_class_armor_plate":2,"minecraft:red_carpet":72,"minecraft:iron_ingot":64,"pretaccraft:nylon_stripe":2,"minecraft:milk_bucket":1,"minecraft:quartz":1,"valhelsia_structures:paper_wall":1,"minecraft:sea_lantern":1,"minecraft:husk_spawn_egg":64,"pretaccraft:o_old_armor_helmet":2,"cgm:workbench":1,"undead:soulshard":1},"minecraft:custom":{"minecraft:interact_with_crafting_table":21,"minecraft:open_barrel":2,"minecraft:leave_game":71,"minecraft:time_since_death":47895,"minecraft:damage_resisted":1475,"minecraft:sprint_one_cm":680232,"minecraft:drop":77,"minecraft:talked_to_villager":1,"minecraft:deaths":22,"minecraft:jump":5685,"minecraft:walk_on_water_one_cm":40229,"minecraft:interact_with_furnace":1,"minecraft:play_one_minute":1167287,"minecraft:damage_dealt":2831,"minecraft:interact_with_beacon":2,"minecraft:player_kills":1,"minecraft:crouch_one_cm":13264,"minecraft:interact_with_smoker":1,"minecraft:interact_with_smithing_table":1,"minecraft:mob_kills":141,"minecraft:damage_dealt_resisted":513,"minecraft:climb_one_cm":17222,"minecraft:walk_one_cm":1320116,"minecraft:sneak_time":14238,"minecraft:walk_under_water_one_cm":79778,"minecraft:time_since_rest":47903,"minecraft:damage_taken":15042,"minecraft:damage_absorbed":1421,"minecraft:swim_one_cm":570,"minecraft:fly_one_cm":5824396,"minecraft:open_chest":3,"minecraft:fall_one_cm":126492},"minecraft:killed_by":{"undead:theheavy":1,"minecraft:player":11,"minecraft:spider":1},"minecraft:used":{"undead:cookedstuffedflesh":1,"create:andesite_bricks":595,"minecraftmodernxl:fire_coal_2":2,"minecraft:oak_sign":2,"mcwfurnituresbop:stripped_cherry_covered_desk":25,"additionalguns:awm":5,"minecraft:stone":174,"undead:wrefflemushroom":1,"minecraft:zombie_spawn_egg":113,"create:layered_dolomite":1,"mcwfurnitures:dark_oak_table":3,"minecraftmodernxl:firecoal_3":6,"minecraft:skeleton_spawn_egg":1,"additionalguns:ravens_claw":55,"horror_element_mod:blood_8":2,"minecraft:orange_wool":345,"undead:minersdrinks":3,"mcwfurnitures:dark_oak_counter":36,"minecraft:milk_bucket":10,"minecraft:obsidian":42,"horror_element_mod:blood_6":7,"minecraft:glass":126,"minecraft:lava_bucket":1,"minecraft:netherite_shovel":51,"minecraftmodernxl:fire_glass_1":1,"biomesoplenty:cherry_planks":77,"minecraftmodernxl:minidalle_3":25,"biomesoplenty:fir_sapling":4,"minecraft:grass_block":971,"minecraft:blue_orchid":15,"minecraft:warped_nylium":11,"minecraft:dark_oak_slab":120,"undead:soulsoup":4,"mcwfurnitures:dark_oak_covered_desk":1,"valhelsia_structures:dark_oak_post":20,"minecraft:item_frame":15,"createdeco:iron_sheet_metal":13,"minecraft:bedrock":2,"minecraft:red_carpet":667,"minecraft:repeater":15,"minecraft:brown_carpet":11,"minecraft:yellow_glazed_terracotta":4,"horror_element_mod:blood_9":34,"horror_element_mod:blood_5":3,"biomesoplenty:fir_fence":30,"cgm:heavy_rifle":9,"horror_element_mod:primitive_head":4,"minecraft:mossy_stone_bricks":4,"minecraft:diorite":22,"horror_element_mod:scientist_body":1,"horror_element_mod:severed_hand":5,"minecraft:red_stained_glass":5,"minecraft:dark_oak_sign":7,"horror_element_mod:spiked_body":2,"minecraft:prismarine":227,"minecraft:jungle_fence":9,"minecraft:oak_planks":381,"biomesoplenty:stripped_fir_wood":99,"horror_element_mod:impaled_head":11,"biomesoplenty:fir_leaves":23,"biomesoplenty:fir_planks":16,"additionalguns:schwarzlose":32,"additionalguns:mp7":101,"minecraftmodernxl:fire_block_wood":1,"create:andesite_bricks_stairs":76,"minecraft:oak_leaves":16,"minecraft:smooth_quartz_stairs":17,"elevatorid:elevator_white":3,"minecraft:golden_apple":2,"horror_element_mod:sign_2":2,"create:paved_diorite":6,"mcwfurnituresbop:stripped_cherry_modern_chair":10,"undead:eeggoo":1,"minecraft:blast_furnace":3,"minecraftmodernxl:modern_wall_fireplace_3":1,"minecraftmodernxl:fireblock_wood_3":6,"serene_shrubbery:sunset_foxglove":1,"minecraft:cave_spider_spawn_egg":24,"minecraft:sponge":18,"minecraft:lingering_potion":43,"undead:glowingsoup":3,"create:paved_diorite_slab":88,"serene_shrubbery:pink_lupine":6,"minecraft:dark_oak_log":1,"minecraft:gray_stained_glass_pane":4,"minecraft:lime_carpet":46,"minecraft:barrier":177,"mcwfurnitures:dark_oak_modern_chair":7,"horror_element_mod:spiked_villager":1,"minecraftmodernxl:firecoal_1":10,"minecraft:gravel":25,"cgm:assault_rifle":204,"biomesoplenty:cherry_slab":440,"biomesoplenty:cherry_fence_gate":4,"valhelsia_structures:cut_acacia_post":6,"minecraft:coal_block":2,"additionalguns:ace_of_spades":64,"minecraftmodernxl:fence_grey":41,"undead:whitespidereye":1,"chisel:antiblock/orange":1,"minecraft:smithing_table":8,"additionalguns:mp7a2":94,"minecraftmodernxl:fireglass_2":1,"cgm:mini_gun":100,"minecraftmodernxl:modern_wall_fireplace_2":1,"minecraft:bone_meal":87,"mcwdoors:spruce_four_panel_door":4,"biomesoplenty:flowering_oak_leaves":4,"serene_shrubbery:purple_hydrangea":1,"minecraft:netherite_sword":32,"minecraft:flint_and_steel":45,"minecraft:white_tulip":18,"minecraft:redstone":89,"minecraft:spruce_planks":97,"additionalguns:over_under":2,"mcwfurnitures:dark_oak_chair":13,"horror_element_mod:acid_blood_2":15,"createdeco:cracked_dusk_bricks":10,"undead:glowingbarnacles":1,"valhelsia_structures:paper_wall":62,"horror_element_mod:acid_blood_1":8,"minecraft:torch":24,"biomesoplenty:stripped_cherry_log":41,"minecraft:dirt":33,"cgm:workbench":1,"minecraft:granite":2,"createdeco:netherite_sheet_metal":32,"immersive_portals:portal_helper":376,"minecraft:polished_diorite":21,"biomesoplenty:maple_sapling":1,"createdeco:iron_sheet_stairs":29,"minecraftmodernxl:modern_wall_fireplace_1":2,"undead:stuffedflesh":1,"minecraft:sea_lantern":497,"minecraft:red_tulip":24,"undead:snowgoo":1,"mcwfurnitures:oak_modern_chair":3,"mcwfurnitures:spruce_chair":34,"create:dark_oak_window_pane":19,"minecraft:iron_block":9,"minecraft:light_weighted_pressure_plate":5,"minecraft:slime_block":22,"carryon:entity_item":17,"valhelsia_structures:bone_pile":57,"mcwfurnitures:spruce_striped_chair":24,"minecraft:totem_of_undying":18,"horror_element_mod:bloody_tombstone":17,"createdeco:dusk_short_bricks_slab_vert":50,"horror_element_mod:green_blood_1":5,"minecraft:podzol":8,"additionalguns:ssg08":41,"chisel:antiblock/magenta":1,"minecraft:acacia_wood":148,"minecraft:stone_pressure_plate":6,"undead:stuffedfleshberger":1,"valhelsia_structures:brazier":13,"minecraft:enchanted_golden_apple":7,"mcwfurnitures:dark_oak_coffee_table":61,"undead:thebladedancer_spawn_egg":2,"create:handheld_worldshaper":24,"biomesoplenty:maple_leaves":1,"minecraft:water_bucket":24,"horror_element_mod:broken_tv":3,"minecraftmodernxl:fireblock_wood_2":1,"cgm:pistol":43,"horror_element_mod:slashed_skull":5,"cgm:stun_grenade":3,"create:layered_diorite":172,"createdeco:blue_brick_tiles_wall":48,"minecraft:stonecutter":1,"create:diorite_bricks":56,"mcwfurnituresbop:cherry_striped_chair":1,"minecraft:cracked_stone_bricks":9,"undead:wreffledirtblock":1,"horror_element_mod:spider_head":3,"minecraft:vine":109,"serene_shrubbery:white_lupine":6,"minecraft:crafting_table":4,"minecraft:birch_sign":3,"minecraft:campfire":61,"minecraft:dark_oak_fence_gate":1,"biomesoplenty:orange_autumn_sapling":1,"minecraft:smoker":2,"minecraft:command_block":63,"createdeco:polished_iron_bars_overlay":16,"minecraft:netherite_axe":1,"createdeco:iron_sheet_slab":123,"undead:apealingdrink":3,"undead:wrefflesoup":4,"minecraft:cobblestone":1,"minecraft:potion":3,"createdeco:gold_bars":8,"minecraft:cooked_porkchop":2,"undead:fermentedwhitespidereye":2,"horror_element_mod:herobrine_head":13,"minecraft:chain_command_block":1,"undead:ghostdarkoak":1,"minecraft:grass_path":313,"minecraft:repeating_command_block":4,"minecraft:polished_blackstone_button":36,"horror_element_mod:marine_body":4,"minecraftmodernxl:fire_block":3,"biomesoplenty:fir_log":230,"minecraft:gray_wool":2,"create:dark_oak_window":23,"minecraft:splash_potion":56},"minecraft:crafted":{"minecraft:diamond_leggings":1,"minecraft:diamond_boots":2,"cgm:workbench":7,"minecraft:diamond_chestplate":3}},"DataVersion":2586}