{"stats":{"minecraft:killed":{"minecraft:spider":9,"undead:themermaid":2,"undead:thebladedancer":1,"undead:theheavy":3,"minecraft:skeleton":24,"undead:spitter":1,"undead:thebomber":2,"minecraft:pig":5,"minecraft:creeper":32,"minecraft:sheep":3,"minecraft:zombie":44,"minecraft:cow":1,"hordes:zombie_player":3,"undead:themoonflower":2,"minecraft:husk":4,"minecraft:bat":1,"undead:thescreamer":1,"undead:thestone":1},"minecraft:mined":{"minecraft:grass_block":1,"minecraft:grass":15,"minecraft:tall_grass":4},"minecraft:picked_up":{"create:andesite_bricks":3,"pretaccraft:o_old_armor_leggings":2,"minecraft:potion":1,"minecraft:string":4,"pretaccraft:operator_armor_chestplate":1,"pretaccraft:combat_armor_chestplate":1,"pretaccraft:tactical_armor_helmet":1,"pretaccraft:strong_cloth":2,"minecraft:torch":64,"undead:blackpetal":2,"pretaccraft:operator_armor_helmet":2,"minecraft:lime_carpet":18,"minecraft:rotten_flesh":33,"pretaccraft:tactical_armor_leggings":1,"minecraft:cobblestone":11,"biomesoplenty:stripped_fir_wood":1,"undead:stuffedflesh":3,"pretaccraft:o_old_armor_chestplate":2,"minecraft:dirt":128,"minecraft:leather_boots":1,"minecraft:bone":9,"minecraft:wheat_seeds":9,"pretaccraft:heavy_armor_chestplate":2,"minecraft:dark_oak_sign":1,"securitycraft:mine":3,"pretaccraft:tactical_armor_boots":2,"pretaccraft:combat_armor_boots":2,"cgm:pistol":1,"minecraft:sugar":1,"minecraft:diamond":58,"minecraft:polished_blackstone_button":10,"pretaccraft:heavy_armor_leggings":4,"pretaccraft:operator_armor_leggings":1,"minecraft:golden_apple":1,"pretaccraft:tactical_armor_chestplate":1,"pretaccraft:heavy_armor_boots":3,"minecraft:splash_potion":12,"pretaccraft:operator_armor_boots":2,"gravestone:obituary":2,"biomesoplenty:cherry_slab":1,"minecraft:item_frame":1,"minecraft:iron_shovel":3,"minecraft:netherite_sword":2,"minecraft:beef":1,"additionalguns:schwarzlose":1,"minecraft:poppy":3,"minecraft:light_gray_wool":1,"pretaccraft:combat_armor_helmet":2,"minecraft:redstone":4,"minecraft:prismarine_crystals":32,"pretaccraft:plate_bag":2,"pretaccraft:heavy_armor_helmet":3,"minecraft:arrow":11,"pretaccraft:aramid":2,"minecraft:mutton":4,"pretaccraft:combat_armor_leggings":2,"minecraft:white_wool":1,"pretaccraft:armor_plate":2,"serene_shrubbery:purple_hydrangea":1,"minecraft:gunpowder":74,"minecraft:cooked_mutton":128,"pretaccraft:high_protection_class_armor_plate":2,"minecraft:red_carpet":72,"minecraft:iron_ingot":64,"pretaccraft:nylon_stripe":2,"minecraft:milk_bucket":1,"minecraft:quartz":1,"valhelsia_structures:paper_wall":1,"minecraft:sea_lantern":1,"minecraft:husk_spawn_egg":64,"pretaccraft:o_old_armor_helmet":2,"cgm:workbench":1,"undead:soulshard":1},"minecraft:crafted":{"minecraft:diamond_leggings":1,"minecraft:diamond_boots":2,"cgm:workbench":7,"minecraft:diamond_chestplate":3},"minecraft:custom":{"minecraft:interact_with_crafting_table":21,"minecraft:open_barrel":2,"minecraft:leave_game":77,"minecraft:time_since_death":212650,"minecraft:damage_resisted":1475,"minecraft:sprint_one_cm":767929,"minecraft:drop":78,"minecraft:talked_to_villager":1,"minecraft:deaths":22,"minecraft:jump":9348,"minecraft:walk_on_water_one_cm":42724,"minecraft:interact_with_furnace":1,"minecraft:play_one_minute":1332042,"minecraft:damage_dealt":2831,"minecraft:interact_with_beacon":2,"minecraft:player_kills":1,"minecraft:crouch_one_cm":15699,"minecraft:interact_with_smoker":1,"minecraft:interact_with_smithing_table":1,"minecraft:mob_kills":141,"minecraft:damage_dealt_resisted":513,"minecraft:climb_one_cm":17820,"minecraft:walk_one_cm":1594568,"minecraft:sneak_time":15808,"minecraft:walk_under_water_one_cm":86323,"minecraft:time_since_rest":212658,"minecraft:damage_taken":15062,"minecraft:damage_absorbed":1421,"minecraft:swim_one_cm":570,"minecraft:fly_one_cm":6221354,"minecraft:open_chest":3,"minecraft:fall_one_cm":126492},"minecraft:dropped":{"minecraft:diamond":64,"horror_element_mod:spider_head":1,"pretaccraft:operator_armor_boots":1,"minecraft:red_carpet":1,"minecraft:dirt":1,"pretaccraft:o_old_armor_helmet":2,"minecraft:husk_spawn_egg":64,"gravestone:obituary":7,"minecraft:sugar":1,"pretaccraft:high_protection_class_armor_plate":1,"cgm:pistol":1,"minecraft:netherite_sword":2,"undead:glutonnyleech":1,"minecraft:lime_dye":1,"undead:blackpetal":2,"minecraft:cooked_mutton":160,"pretaccraft:operator_armor_leggings":1,"pretaccraft:strong_cloth":1,"minecraft:gunpowder":32,"pretaccraft:heavy_armor_helmet":3,"pretaccraft:nylon_stripe":1,"pretaccraft:combat_armor_leggings":2,"horror_element_mod:steve_head":1,"additionalguns:schwarzlose":1,"minecraft:iron_ingot":32,"pretaccraft:tactical_armor_helmet":1,"pretaccraft:aramid":1,"pretaccraft:combat_armor_helmet":2,"horror_element_mod:slashed_skull":2,"pretaccraft:o_old_armor_leggings":1,"horror_element_mod:villager_head":1,"create:handheld_worldshaper":1,"minecraft:milk_bucket":1,"pretaccraft:heavy_armor_boots":3,"pretaccraft:o_old_armor_chestplate":1,"minecraft:red_dye":1,"minecraft:iron_shovel":1,"pretaccraft:combat_armor_chestplate":1,"pretaccraft:combat_armor_boots":1,"minecraft:redstone":5,"createdeco:iron_sheet_slab":1,"horror_element_mod:hanging_corpse_1":1,"pretaccraft:operator_armor_helmet":1,"biomesoplenty:stripped_fir_wood":1,"pretaccraft:heavy_armor_leggings":2,"pretaccraft:heavy_armor_chestplate":1,"pretaccraft:plate_bag":1,"pretaccraft:operator_armor_chestplate":1,"pretaccraft:tactical_armor_leggings":1,"horror_element_mod:human_remains":2,"horror_element_mod:crucified_body":1,"pretaccraft:tactical_armor_chestplate":1,"pretaccraft:armor_plate":1,"pretaccraft:tactical_armor_boots":1},"minecraft:used":{"minecraftmodernxl:tableau_1":1,"undead:cookedstuffedflesh":1,"minecraftmodernxl:bamboo_screen_3":2,"moblocks:acacia_pillar":4,"minecraftmodernxl:lantern_pink_1_off":1,"mcwfurnituresbop:cherry_modern_chair":8,"minecraftmodernxl:white_lightslab":1,"minecraftmodernxl:pot_block_white":4,"create:andesite_bricks":680,"minecraft:oak_sign":2,"minecraftmodernxl:tableau_3":10,"minecraftmodernxl:fire_coal_2":2,"minecraftmodernxl:modernmuralight_2":3,"mcwfurnituresbop:stripped_cherry_covered_desk":25,"minecraftmodernxl:modern_sofa_1_right_grey":1,"additionalguns:awm":5,"minecraftmodernxl:glass_tabl_grey_3_x_3":1,"minecraft:stone":199,"undead:wrefflemushroom":1,"minecraftmodernxl:tableau_2":5,"minecraft:zombie_spawn_egg":113,"create:layered_dolomite":1,"minecraftmodernxl:tableau_4":5,"mcwfurnitures:dark_oak_table":3,"minecraftmodernxl:firecoal_3":6,"minecraftmodernxl:tableau_5":4,"minecraftmodernxl:tableaux_15":6,"minecraftmodernxl:candle_3_black":1,"minecraft:skeleton_spawn_egg":1,"additionalguns:ravens_claw":55,"horror_element_mod:blood_8":2,"minecraftmodernxl:woodstack_3side":6,"minecraft:orange_wool":346,"minecraftmodernxl:grandpot_2":2,"minecraftmodernxl:orchide_jaune_brown":2,"minecraftmodernxl:pile_towel":2,"mcwfurnitures:dark_oak_counter":36,"undead:minersdrinks":3,"minecraft:milk_bucket":10,"minecraft:obsidian":42,"minecraftmodernxl:grandpot_4":2,"horror_element_mod:blood_6":7,"minecraftmodernxl:pc_gamer_1_tour":3,"minecraftmodernxl:mirror_3":1,"minecraft:glass":165,"minecraftmodernxl:str_potsbrown":1,"simplylight:illuminant_panel":60,"minecraft:lava_bucket":1,"minecraft:netherite_shovel":51,"minecraftmodernxl:fire_glass_1":1,"minecraftmodernxl:woodstack_3":1,"biomesoplenty:cherry_planks":77,"minecraftmodernxl:minidalle_3":25,"biomesoplenty:fir_sapling":4,"minecraft:grass_block":984,"minecraft:blue_orchid":15,"minecraft:warped_nylium":11,"minecraftmodernxl:candle_plate_pink":9,"minecraftmodernxl:porte_couteaux":2,"moblocks:smooth_red_sandstone_inverted_arch":7,"undead:soulsoup":4,"minecraftmodernxl:creeplush_pink":1,"minecraft:dark_oak_slab":120,"mcwfurnitures:dark_oak_covered_desk":1,"valhelsia_structures:dark_oak_post":26,"minecraftmodernxl:tableau_8":5,"minecraftmodernxl:candleholder_2":1,"minecraftmodernxl:tableau_9":6,"createdeco:iron_sheet_metal":13,"minecraft:item_frame":15,"minecraft:bedrock":2,"minecraftmodernxl:wavelampe":1,"minecraftmodernxl:tableaulog":7,"minecraft:repeater":15,"minecraftmodernxl:tableaux_16":3,"minecraft:red_carpet":695,"minecraft:brown_carpet":11,"minecraft:yellow_glazed_terracotta":4,"minecraftmodernxl:grandpot_3":2,"minecraftmodernxl:utensilpot":2,"moblocks:spruce_straight_kitchen_counter":8,"horror_element_mod:blood_9":34,"horror_element_mod:blood_5":3,"biomesoplenty:fir_fence":30,"cgm:heavy_rifle":9,"minecraftmodernxl:modern_neonlight":13,"horror_element_mod:primitive_head":4,"minecraftmodernxl:tvscreen_1":14,"cfm:spruce_kitchen_sink_light":4,"minecraft:mossy_stone_bricks":4,"simplylight:illuminant_slab":12,"minecraft:diorite":22,"horror_element_mod:scientist_body":1,"minecraftmodernxl:cube_statue_2":3,"horror_element_mod:spiked_body":2,"minecraftmodernxl:hanging_outils_4":2,"horror_element_mod:severed_hand":5,"minecraft:red_stained_glass":5,"minecraft:dark_oak_sign":7,"minecraft:prismarine":236,"minecraft:jungle_fence":9,"minecraft:oak_planks":381,"minecraftmodernxl:glass_tabl_white":3,"horror_element_mod:impaled_head":11,"biomesoplenty:stripped_fir_wood":99,"minecraftmodernxl:wallbox_plant_black":3,"biomesoplenty:fir_leaves":23,"minecraftmodernxl:hanging_outils_5":4,"biomesoplenty:fir_planks":16,"minecraftmodernxl:modernstairs_2_white":9,"additionalguns:schwarzlose":32,"simplylight:edge_light_top":222,"additionalguns:mp7":101,"minecraftmodernxl:fire_block_wood":1,"minecraftmodernxl:hanging_outils_3":1,"minecraftmodernxl:hanging_outils_2":1,"create:andesite_bricks_stairs":76,"moblocks:spruce_inner_corner_kitchen_counter":3,"minecraft:smooth_quartz_stairs":17,"minecraft:oak_leaves":16,"horror_element_mod:sign_2":2,"elevatorid:elevator_white":3,"minecraft:golden_apple":2,"create:paved_diorite":6,"minecraftmodernxl:tableau_11":4,"minecraftmodernxl:palmpot_2":2,"mcwfurnituresbop:stripped_cherry_modern_chair":10,"minecraftmodernxl:tropic_flower_2":1,"undead:eeggoo":1,"minecraft:sponge":18,"minecraft:blast_furnace":3,"minecraftmodernxl:modern_wall_fireplace_3":1,"minecraftmodernxl:fireblock_wood_3":6,"minecraftmodernxl:tableau_17":1,"minecraft:cave_spider_spawn_egg":24,"serene_shrubbery:sunset_foxglove":1,"minecraft:lingering_potion":43,"minecraftmodernxl:kitchen_light":4,"undead:glowingsoup":3,"create:paved_diorite_slab":88,"minecraftmodernxl:asia_lantern_green_off":4,"moblocks:colorable_wool":1,"serene_shrubbery:pink_lupine":6,"minecraft:dark_oak_log":1,"minecraft:gray_stained_glass_pane":4,"minecraft:lime_carpet":46,"moblocks:quartz_pillar":271,"minecraft:barrier":177,"moblocks:smooth_quartz_pillar":15,"minecraftmodernxl:boxblanche":9,"mcwfurnitures:dark_oak_modern_chair":7,"minecraftmodernxl:cooker_2":1,"horror_element_mod:spiked_villager":1,"minecraftmodernxl:simplerooflight":1,"minecraftmodernxl:tableaulog_2":7,"minecraftmodernxl:tableau_6":2,"cgm:assault_rifle":204,"minecraftmodernxl:tableau_7":2,"minecraft:gravel":25,"minecraftmodernxl:firecoal_1":10,"minecraftmodernxl:cactus_darkwood":2,"biomesoplenty:cherry_slab":441,"minecraftmodernxl:tableau_10":4,"biomesoplenty:cherry_fence_gate":4,"minecraftmodernxl:creeplush_green":5,"minecraftmodernxl:cactusblanc":7,"valhelsia_structures:cut_acacia_post":6,"minecraft:coal_block":2,"additionalguns:ace_of_spades":64,"minecraftmodernxl:fence_grey":41,"undead:whitespidereye":1,"chisel:antiblock/orange":1,"minecraft:smithing_table":8,"additionalguns:mp7a2":94,"minecraftmodernxl:tableaux_14":2,"minecraftmodernxl:wallbox_wblue":1,"minecraftmodernxl:clock_grey":3,"minecraftmodernxl:fireglass_2":1,"cgm:mini_gun":100,"minecraftmodernxl:modern_wall_fireplace_2":1,"minecraftmodernxl:str_potsgrey":1,"minecraft:bone_meal":87,"mcwdoors:spruce_four_panel_door":4,"biomesoplenty:flowering_oak_leaves":4,"serene_shrubbery:purple_hydrangea":1,"create:framed_glass":3,"minecraft:netherite_sword":32,"minecraftmodernxl:muraldeco_black":4,"minecraftmodernxl:planteenpot":3,"minecraftmodernxl:umodernbar_stool":1,"minecraft:white_tulip":18,"minecraft:flint_and_steel":48,"minecraft:redstone":97,"minecraft:spruce_planks":97,"minecraftmodernxl:modern_shalf_book_dw":4,"additionalguns:over_under":2,"minecraftmodernxl:modern_shalfpot_lw":4,"mcwfurnitures:dark_oak_chair":13,"horror_element_mod:acid_blood_2":15,"createdeco:cracked_dusk_bricks":17,"minecraftmodernxl:paper_towel":4,"undead:glowingbarnacles":1,"valhelsia_structures:paper_wall":62,"minecraftmodernxl:incence_holder_3":3,"horror_element_mod:acid_blood_1":8,"minecraft:torch":24,"minecraftmodernxl:flower_box_1":1,"biomesoplenty:stripped_cherry_log":41,"minecraft:dirt":33,"cgm:workbench":1,"cfm:trampoline":10,"minecraftmodernxl:creeplush_yellow":1,"moblocks:spruce_outer_corner_kitchen_counter":1,"minecraft:granite":2,"createdeco:netherite_sheet_metal":32,"immersive_portals:portal_helper":376,"minecraft:polished_diorite":21,"biomesoplenty:maple_sapling":1,"createdeco:iron_sheet_stairs":29,"minecraftmodernxl:wall_plantsblock":14,"minecraftmodernxl:modern_wall_fireplace_1":2,"minecraftmodernxl:muraldeco_white":2,"undead:stuffedflesh":1,"moblocks:acacia_inverted_arch":3,"minecraft:sea_lantern":567,"minecraft:red_tulip":24,"undead:snowgoo":1,"create:dark_oak_window_pane":19,"mcwfurnitures:spruce_chair":34,"mcwfurnitures:oak_modern_chair":3,"minecraft:iron_block":9,"minecraft:light_weighted_pressure_plate":5,"minecraft:slime_block":22,"carryon:entity_item":17,"minecraftmodernxl:statuette_orange":3,"valhelsia_structures:bone_pile":57,"mcwfurnitures:spruce_striped_chair":24,"minecraft:totem_of_undying":18,"horror_element_mod:bloody_tombstone":17,"createdeco:dusk_short_bricks_slab_vert":50,"horror_element_mod:green_blood_1":5,"createdeco:blue_long_bricks_stairs":9,"minecraftmodernxl:table_white_3x_3":23,"minecraftmodernxl:palmpot_1":2,"minecraftmodernxl:glass_tabl_white_1_x_2":2,"additionalguns:ssg08":41,"minecraft:podzol":8,"chisel:antiblock/magenta":1,"minecraftmodernxl:switch_off":1,"minecraft:acacia_wood":148,"minecraftmodernxl:tableau_12":5,"moblocks:red_sandstone_inverted_arch":1,"minecraft:stone_pressure_plate":6,"valhelsia_structures:brazier":13,"undead:stuffedfleshberger":1,"minecraft:enchanted_golden_apple":7,"mcwfurnitures:dark_oak_coffee_table":62,"minecraftmodernxl:terrarium2":2,"minecraftmodernxl:armchair_noire_0":9,"undead:thebladedancer_spawn_egg":2,"create:handheld_worldshaper":24,"biomesoplenty:maple_leaves":1,"minecraft:water_bucket":24,"horror_element_mod:broken_tv":3,"moblocks:quartz_vertical_slab":35,"minecraftmodernxl:pc_gamer_1":2,"minecraftmodernxl:fireblock_wood_2":1,"cgm:pistol":43,"minecraftmodernxl:table_white_1x_2":2,"horror_element_mod:slashed_skull":5,"cgm:stun_grenade":3,"create:layered_diorite":174,"cfm:cyan_sofa":8,"moblocks:colorable_stone_brick_lower_small_inverted_arch":1,"simplylight:edge_light":2,"createdeco:blue_brick_tiles_wall":48,"minecraft:stonecutter":1,"create:diorite_bricks":56,"minecraftmodernxl:hanging_outils_1":1,"minecraftmodernxl:modern_rainlight_3":15,"mcwfurnituresbop:cherry_striped_chair":1,"minecraft:cracked_stone_bricks":9,"minecraftmodernxl:cactus_noire":4,"undead:wreffledirtblock":1,"horror_element_mod:spider_head":3,"minecraft:vine":109,"serene_shrubbery:white_lupine":6,"minecraft:crafting_table":4,"minecraftmodernxl:amp_modernlight_2":3,"minecraft:birch_sign":3,"minecraft:campfire":64,"minecraftmodernxl:tableau_13":4,"minecraft:dark_oak_fence_gate":1,"biomesoplenty:orange_autumn_sapling":1,"minecraftmodernxl:glass_tabl_white_1_x_1":5,"minecraft:smoker":2,"minecraftmodernxl:grill":1,"minecraftmodernxl:gardenpot_andesite":1,"minecraftmodernxl:towel_holder":2,"minecraftmodernxl:creeplush_blue":1,"minecraftmodernxl:creeplush_red":1,"minecraft:command_block":64,"createdeco:polished_iron_bars_overlay":16,"minecraft:netherite_axe":1,"createdeco:iron_sheet_slab":123,"minecraftmodernxl:applebowl":3,"minecraftmodernxl:grandpot_1":2,"undead:apealingdrink":3,"undead:wrefflesoup":4,"minecraft:cobblestone":1,"minecraft:potion":8,"createdeco:gold_bars":8,"minecraft:cooked_porkchop":2,"minecraftmodernxl:modern_lamp":3,"undead:fermentedwhitespidereye":2,"horror_element_mod:herobrine_head":13,"minecraft:chain_command_block":6,"undead:ghostdarkoak":1,"minecraft:grass_path":316,"minecraft:repeating_command_block":7,"minecraft:polished_blackstone_button":36,"horror_element_mod:marine_body":4,"minecraftmodernxl:fire_block":3,"minecraftmodernxl:pot_block_black":8,"biomesoplenty:fir_log":230,"minecraft:gray_wool":2,"create:dark_oak_window":23,"minecraft:splash_potion":56},"minecraft:killed_by":{"undead:theheavy":1,"minecraft:player":11,"minecraft:spider":1}},"DataVersion":2586}