{"stats":{"minecraft:killed_by":{"minecraft:player":11,"minecraft:spider":1,"undead:theheavy":1},"minecraft:dropped":{"minecraft:iron_ingot":32,"pretaccraft:tactical_armor_helmet":1,"pretaccraft:aramid":1,"minecraft:diamond":64,"pretaccraft:combat_armor_helmet":2,"horror_element_mod:spider_head":1,"pretaccraft:operator_armor_boots":1,"horror_element_mod:slashed_skull":2,"minecraft:red_carpet":1,"pretaccraft:o_old_armor_leggings":1,"minecraft:dirt":1,"horror_element_mod:villager_head":1,"create:handheld_worldshaper":1,"pretaccraft:heavy_armor_boots":3,"minecraft:milk_bucket":1,"pretaccraft:o_old_armor_helmet":2,"pretaccraft:o_old_armor_chestplate":1,"minecraft:husk_spawn_egg":64,"gravestone:obituary":7,"minecraft:red_dye":1,"minecraft:iron_shovel":1,"pretaccraft:combat_armor_chestplate":1,"pretaccraft:high_protection_class_armor_plate":1,"pretaccraft:combat_armor_boots":1,"minecraft:redstone":5,"cgm:pistol":1,"createdeco:iron_sheet_slab":1,"horror_element_mod:hanging_corpse_1":1,"pretaccraft:operator_armor_helmet":1,"minecraft:netherite_sword":2,"biomesoplenty:stripped_fir_wood":1,"pretaccraft:heavy_armor_leggings":2,"undead:glutonnyleech":1,"minecraft:lime_dye":1,"undead:blackpetal":2,"minecraft:cooked_mutton":160,"pretaccraft:heavy_armor_chestplate":1,"pretaccraft:plate_bag":1,"pretaccraft:operator_armor_leggings":1,"pretaccraft:operator_armor_chestplate":1,"pretaccraft:strong_cloth":1,"pretaccraft:tactical_armor_leggings":1,"minecraft:gunpowder":32,"pretaccraft:heavy_armor_helmet":3,"horror_element_mod:human_remains":2,"pretaccraft:nylon_stripe":1,"horror_element_mod:crucified_body":1,"pretaccraft:combat_armor_leggings":2,"horror_element_mod:steve_head":1,"pretaccraft:tactical_armor_chestplate":1,"additionalguns:schwarzlose":1,"pretaccraft:tactical_armor_boots":1,"pretaccraft:armor_plate":1},"minecraft:killed":{"hordes:zombie_player":3,"minecraft:spider":9,"undead:themermaid":2,"undead:thebladedancer":1,"undead:theheavy":3,"minecraft:skeleton":24,"undead:spitter":1,"undead:thebomber":2,"undead:themoonflower":2,"minecraft:husk":4,"minecraft:pig":5,"minecraft:bat":1,"minecraft:creeper":32,"minecraft:sheep":3,"undead:thescreamer":1,"minecraft:zombie":44,"undead:thestone":1,"minecraft:cow":1},"minecraft:custom":{"minecraft:interact_with_smithing_table":1,"minecraft:mob_kills":141,"minecraft:interact_with_crafting_table":21,"minecraft:open_barrel":2,"minecraft:damage_dealt_resisted":513,"minecraft:leave_game":62,"minecraft:time_since_death":17678,"minecraft:climb_one_cm":14987,"minecraft:damage_resisted":1465,"minecraft:sprint_one_cm":661819,"minecraft:walk_one_cm":1284815,"minecraft:drop":77,"minecraft:talked_to_villager":1,"minecraft:deaths":21,"minecraft:sneak_time":13675,"minecraft:walk_under_water_one_cm":79778,"minecraft:jump":5472,"minecraft:walk_on_water_one_cm":40142,"minecraft:interact_with_furnace":1,"minecraft:play_one_minute":1091231,"minecraft:time_since_rest":17685,"minecraft:damage_taken":15002,"minecraft:damage_absorbed":1421,"minecraft:damage_dealt":2831,"minecraft:interact_with_beacon":2,"minecraft:swim_one_cm":570,"minecraft:fly_one_cm":5680940,"minecraft:player_kills":1,"minecraft:open_chest":3,"minecraft:crouch_one_cm":12410,"minecraft:interact_with_smoker":1,"minecraft:fall_one_cm":123974},"minecraft:used":{"undead:cookedstuffedflesh":1,"serene_shrubbery:purple_hydrangea":1,"minecraft:netherite_sword":32,"minecraft:white_tulip":18,"minecraft:flint_and_steel":45,"create:andesite_bricks":595,"minecraft:redstone":89,"minecraft:oak_sign":2,"minecraft:spruce_planks":97,"additionalguns:awm":5,"mcwfurnituresbop:stripped_cherry_covered_desk":25,"undead:wrefflemushroom":1,"minecraft:stone":174,"additionalguns:over_under":2,"minecraft:zombie_spawn_egg":113,"create:layered_dolomite":1,"horror_element_mod:acid_blood_2":15,"mcwfurnitures:dark_oak_chair":13,"undead:glowingbarnacles":1,"createdeco:cracked_dusk_bricks":10,"mcwfurnitures:dark_oak_table":3,"valhelsia_structures:paper_wall":62,"horror_element_mod:acid_blood_1":8,"minecraft:torch":24,"biomesoplenty:stripped_cherry_log":41,"minecraft:dirt":33,"cgm:workbench":1,"minecraft:skeleton_spawn_egg":1,"additionalguns:ravens_claw":55,"horror_element_mod:blood_8":2,"minecraft:orange_wool":345,"mcwfurnitures:dark_oak_counter":36,"minecraft:granite":2,"minecraft:obsidian":42,"minecraft:milk_bucket":10,"createdeco:netherite_sheet_metal":32,"undead:minersdrinks":3,"immersive_portals:portal_helper":376,"minecraft:polished_diorite":21,"biomesoplenty:maple_sapling":1,"createdeco:iron_sheet_stairs":29,"horror_element_mod:blood_6":7,"minecraft:glass":126,"minecraft:netherite_shovel":51,"undead:stuffedflesh":1,"minecraft:light_weighted_pressure_plate":5,"minecraft:grass_block":967,"minecraft:sea_lantern":497,"minecraft:lava_bucket":1,"minecraft:red_tulip":24,"create:dark_oak_window_pane":19,"minecraft:iron_block":9,"biomesoplenty:cherry_planks":77,"mcwfurnitures:spruce_chair":34,"mcwfurnitures:oak_modern_chair":3,"biomesoplenty:fir_sapling":4,"undead:snowgoo":1,"minecraft:blue_orchid":15,"minecraft:slime_block":22,"carryon:entity_item":17,"minecraft:warped_nylium":11,"undead:soulsoup":4,"minecraft:dark_oak_slab":120,"mcwfurnitures:dark_oak_covered_desk":1,"valhelsia_structures:dark_oak_post":20,"valhelsia_structures:bone_pile":57,"mcwfurnitures:spruce_striped_chair":24,"minecraft:totem_of_undying":18,"horror_element_mod:bloody_tombstone":17,"createdeco:iron_sheet_metal":13,"minecraft:bedrock":2,"minecraft:item_frame":15,"createdeco:dusk_short_bricks_slab_vert":50,"minecraft:repeater":15,"horror_element_mod:green_blood_1":5,"minecraft:red_carpet":578,"minecraft:brown_carpet":11,"minecraft:yellow_glazed_terracotta":4,"additionalguns:ssg08":41,"minecraft:podzol":8,"chisel:antiblock/magenta":1,"minecraft:acacia_wood":148,"cgm:heavy_rifle":9,"minecraft:stone_pressure_plate":6,"horror_element_mod:blood_9":34,"horror_element_mod:blood_5":3,"undead:stuffedfleshberger":1,"valhelsia_structures:brazier":13,"minecraft:enchanted_golden_apple":7,"biomesoplenty:fir_fence":30,"mcwfurnitures:dark_oak_coffee_table":61,"undead:thebladedancer_spawn_egg":2,"create:handheld_worldshaper":24,"horror_element_mod:primitive_head":4,"minecraft:water_bucket":24,"minecraft:mossy_stone_bricks":4,"horror_element_mod:broken_tv":3,"minecraft:diorite":22,"horror_element_mod:scientist_body":1,"horror_element_mod:spiked_body":2,"cgm:pistol":43,"minecraft:red_stained_glass":5,"horror_element_mod:severed_hand":5,"minecraft:dark_oak_sign":7,"minecraft:prismarine":227,"horror_element_mod:slashed_skull":5,"minecraft:oak_planks":381,"create:layered_diorite":172,"horror_element_mod:impaled_head":11,"cgm:stun_grenade":3,"biomesoplenty:stripped_fir_wood":83,"biomesoplenty:fir_leaves":23,"biomesoplenty:fir_planks":16,"createdeco:blue_brick_tiles_wall":45,"create:diorite_bricks":56,"additionalguns:schwarzlose":32,"additionalguns:mp7":101,"minecraft:stonecutter":1,"horror_element_mod:sign_2":2,"create:andesite_bricks_stairs":76,"minecraft:smooth_quartz_stairs":17,"minecraft:cracked_stone_bricks":9,"mcwfurnituresbop:cherry_striped_chair":1,"minecraft:golden_apple":2,"minecraft:oak_leaves":16,"elevatorid:elevator_white":3,"undead:wreffledirtblock":1,"create:paved_diorite":6,"horror_element_mod:spider_head":3,"minecraft:vine":109,"mcwfurnituresbop:stripped_cherry_modern_chair":10,"serene_shrubbery:white_lupine":6,"minecraft:blast_furnace":3,"minecraft:crafting_table":4,"undead:eeggoo":1,"minecraft:birch_sign":3,"minecraft:sponge":18,"minecraft:campfire":48,"minecraft:cave_spider_spawn_egg":24,"serene_shrubbery:sunset_foxglove":1,"minecraft:dark_oak_fence_gate":1,"minecraft:lingering_potion":43,"biomesoplenty:orange_autumn_sapling":1,"minecraft:smoker":2,"undead:glowingsoup":3,"create:paved_diorite_slab":88,"minecraft:dark_oak_log":1,"serene_shrubbery:pink_lupine":6,"minecraft:gray_stained_glass_pane":4,"minecraft:command_block":63,"minecraft:lime_carpet":46,"createdeco:polished_iron_bars_overlay":16,"minecraft:barrier":177,"minecraft:netherite_axe":1,"mcwfurnitures:dark_oak_modern_chair":7,"horror_element_mod:spiked_villager":1,"createdeco:iron_sheet_slab":123,"cgm:assault_rifle":204,"minecraft:gravel":25,"biomesoplenty:cherry_slab":440,"biomesoplenty:cherry_fence_gate":4,"valhelsia_structures:cut_acacia_post":6,"undead:apealingdrink":3,"minecraft:coal_block":2,"minecraft:cobblestone":1,"undead:wrefflesoup":4,"minecraft:potion":3,"undead:fermentedwhitespidereye":2,"undead:ghostdarkoak":1,"minecraft:repeating_command_block":4,"createdeco:gold_bars":8,"minecraft:cooked_porkchop":2,"additionalguns:ace_of_spades":64,"undead:whitespidereye":1,"chisel:antiblock/orange":1,"minecraft:smithing_table":8,"horror_element_mod:herobrine_head":13,"minecraft:chain_command_block":1,"additionalguns:mp7a2":94,"minecraft:grass_path":293,"minecraft:polished_blackstone_button":36,"horror_element_mod:marine_body":4,"create:dark_oak_window":23,"biomesoplenty:fir_log":225,"cgm:mini_gun":100,"minecraft:gray_wool":2,"minecraft:splash_potion":56,"biomesoplenty:flowering_oak_leaves":4,"minecraft:bone_meal":87,"mcwdoors:spruce_four_panel_door":4},"minecraft:mined":{"minecraft:grass_block":1,"minecraft:tall_grass":4,"minecraft:grass":15},"minecraft:picked_up":{"pretaccraft:heavy_armor_boots":3,"create:andesite_bricks":3,"minecraft:splash_potion":12,"pretaccraft:o_old_armor_leggings":2,"minecraft:potion":1,"pretaccraft:operator_armor_boots":2,"gravestone:obituary":2,"biomesoplenty:cherry_slab":1,"minecraft:string":4,"minecraft:item_frame":1,"minecraft:iron_shovel":3,"minecraft:netherite_sword":2,"minecraft:beef":1,"pretaccraft:combat_armor_chestplate":1,"pretaccraft:operator_armor_chestplate":1,"additionalguns:schwarzlose":1,"pretaccraft:combat_armor_helmet":2,"minecraft:poppy":3,"minecraft:light_gray_wool":1,"pretaccraft:tactical_armor_helmet":1,"pretaccraft:strong_cloth":2,"minecraft:torch":62,"undead:blackpetal":2,"minecraft:redstone":4,"minecraft:prismarine_crystals":32,"pretaccraft:operator_armor_helmet":2,"pretaccraft:plate_bag":2,"minecraft:arrow":11,"minecraft:lime_carpet":18,"pretaccraft:heavy_armor_helmet":3,"minecraft:rotten_flesh":33,"pretaccraft:tactical_armor_leggings":1,"pretaccraft:aramid":2,"minecraft:mutton":4,"pretaccraft:combat_armor_leggings":2,"minecraft:white_wool":1,"minecraft:cobblestone":11,"biomesoplenty:stripped_fir_wood":1,"pretaccraft:armor_plate":2,"undead:stuffedflesh":3,"pretaccraft:o_old_armor_chestplate":2,"serene_shrubbery:purple_hydrangea":1,"minecraft:gunpowder":74,"minecraft:dirt":128,"minecraft:leather_boots":1,"minecraft:cooked_mutton":128,"pretaccraft:high_protection_class_armor_plate":2,"minecraft:red_carpet":71,"minecraft:bone":9,"minecraft:wheat_seeds":9,"minecraft:iron_ingot":64,"pretaccraft:heavy_armor_chestplate":2,"minecraft:dark_oak_sign":1,"pretaccraft:nylon_stripe":2,"minecraft:milk_bucket":1,"securitycraft:mine":3,"minecraft:quartz":1,"valhelsia_structures:paper_wall":1,"pretaccraft:tactical_armor_boots":2,"minecraft:sea_lantern":1,"pretaccraft:combat_armor_boots":2,"cgm:pistol":1,"minecraft:husk_spawn_egg":64,"minecraft:diamond":58,"pretaccraft:o_old_armor_helmet":2,"minecraft:polished_blackstone_button":10,"pretaccraft:heavy_armor_leggings":4,"pretaccraft:operator_armor_leggings":1,"minecraft:golden_apple":1,"pretaccraft:tactical_armor_chestplate":1,"cgm:workbench":1,"undead:soulshard":1},"minecraft:crafted":{"minecraft:diamond_leggings":1,"minecraft:diamond_boots":2,"cgm:workbench":7,"minecraft:diamond_chestplate":3}},"DataVersion":2586}