{"stats":{"minecraft:killed_by":{"minecraft:spider":1},"minecraft:killed":{"hordes:zombie_player":3,"minecraft:spider":7,"undead:theheavy":1,"minecraft:skeleton":20,"undead:spitter":1,"minecraft:bat":1,"minecraft:creeper":25,"minecraft:zombie":12},"minecraft:used":{"undead:cookedstuffedflesh":1,"serene_shrubbery:purple_hydrangea":1,"minecraft:netherite_sword":7,"minecraft:flint_and_steel":44,"minecraft:white_tulip":18,"create:andesite_bricks":561,"mcwfurnituresbop:stripped_cherry_covered_desk":25,"minecraft:spruce_planks":95,"undead:wrefflemushroom":1,"minecraft:stone":112,"minecraft:zombie_spawn_egg":6,"create:layered_dolomite":1,"horror_element_mod:acid_blood_2":15,"mcwfurnitures:dark_oak_chair":13,"createdeco:cracked_dusk_bricks":10,"mcwfurnitures:dark_oak_table":3,"undead:glowingbarnacles":1,"valhelsia_structures:paper_wall":61,"horror_element_mod:acid_blood_1":8,"minecraft:torch":24,"biomesoplenty:stripped_cherry_log":41,"minecraft:dirt":1,"minecraft:skeleton_spawn_egg":1,"horror_element_mod:blood_8":2,"minecraft:orange_wool":344,"minecraft:granite":2,"mcwfurnitures:dark_oak_counter":36,"createdeco:netherite_sheet_metal":32,"immersive_portals:portal_helper":360,"undead:minersdrinks":3,"minecraft:milk_bucket":10,"minecraft:obsidian":15,"biomesoplenty:maple_sapling":1,"createdeco:iron_sheet_stairs":29,"horror_element_mod:blood_6":7,"minecraft:glass":126,"undead:stuffedflesh":1,"minecraft:sea_lantern":332,"minecraft:lava_bucket":1,"minecraft:netherite_shovel":51,"minecraft:iron_block":9,"mcwfurnitures:oak_modern_chair":3,"minecraft:red_tulip":24,"mcwfurnitures:spruce_chair":34,"biomesoplenty:cherry_planks":71,"create:dark_oak_window_pane":19,"biomesoplenty:fir_sapling":4,"undead:snowgoo":1,"minecraft:grass_block":631,"minecraft:blue_orchid":15,"minecraft:slime_block":22,"carryon:entity_item":16,"minecraft:dark_oak_slab":120,"undead:soulsoup":4,"mcwfurnitures:dark_oak_covered_desk":1,"valhelsia_structures:dark_oak_post":20,"valhelsia_structures:bone_pile":57,"mcwfurnitures:spruce_striped_chair":24,"horror_element_mod:bloody_tombstone":17,"createdeco:iron_sheet_metal":13,"minecraft:item_frame":15,"createdeco:dusk_short_bricks_slab_vert":50,"minecraft:bedrock":2,"minecraft:red_carpet":538,"minecraft:yellow_glazed_terracotta":4,"minecraft:podzol":8,"additionalguns:ssg08":41,"chisel:antiblock/magenta":1,"minecraft:acacia_wood":148,"minecraft:stone_pressure_plate":6,"horror_element_mod:blood_9":34,"horror_element_mod:blood_5":3,"undead:stuffedfleshberger":1,"valhelsia_structures:brazier":13,"biomesoplenty:fir_fence":22,"mcwfurnitures:dark_oak_coffee_table":61,"create:handheld_worldshaper":18,"horror_element_mod:primitive_head":4,"minecraft:water_bucket":24,"horror_element_mod:scientist_body":1,"minecraft:red_stained_glass":5,"horror_element_mod:severed_hand":5,"cgm:pistol":43,"horror_element_mod:spiked_body":2,"horror_element_mod:slashed_skull":5,"minecraft:oak_planks":221,"create:layered_diorite":171,"biomesoplenty:stripped_fir_wood":82,"horror_element_mod:impaled_head":11,"biomesoplenty:fir_leaves":12,"biomesoplenty:fir_planks":16,"createdeco:blue_brick_tiles_wall":44,"minecraft:stonecutter":1,"additionalguns:schwarzlose":32,"additionalguns:mp7":93,"create:diorite_bricks":56,"create:andesite_bricks_stairs":76,"mcwfurnituresbop:cherry_striped_chair":1,"minecraft:golden_apple":2,"horror_element_mod:sign_2":2,"undead:wreffledirtblock":1,"create:paved_diorite":6,"horror_element_mod:spider_head":3,"minecraft:vine":41,"serene_shrubbery:white_lupine":6,"mcwfurnituresbop:stripped_cherry_modern_chair":10,"undead:eeggoo":1,"minecraft:blast_furnace":3,"minecraft:sponge":7,"minecraft:campfire":48,"serene_shrubbery:sunset_foxglove":1,"minecraft:dark_oak_fence_gate":1,"minecraft:lingering_potion":43,"biomesoplenty:orange_autumn_sapling":1,"minecraft:smoker":2,"undead:glowingsoup":3,"create:paved_diorite_slab":88,"serene_shrubbery:pink_lupine":6,"minecraft:dark_oak_log":1,"minecraft:command_block":3,"minecraft:lime_carpet":46,"createdeco:polished_iron_bars_overlay":16,"minecraft:netherite_axe":1,"mcwfurnitures:dark_oak_modern_chair":7,"horror_element_mod:spiked_villager":1,"createdeco:iron_sheet_slab":123,"minecraft:gravel":25,"biomesoplenty:cherry_slab":440,"biomesoplenty:cherry_fence_gate":4,"undead:apealingdrink":3,"valhelsia_structures:cut_acacia_post":6,"undead:wrefflesoup":4,"minecraft:cobblestone":1,"minecraft:potion":3,"createdeco:gold_bars":8,"undead:whitespidereye":1,"chisel:antiblock/orange":1,"minecraft:smithing_table":8,"undead:fermentedwhitespidereye":2,"horror_element_mod:herobrine_head":13,"undead:ghostdarkoak":1,"additionalguns:mp7a2":94,"minecraft:grass_path":281,"horror_element_mod:marine_body":3,"biomesoplenty:fir_log":225,"create:dark_oak_window":23,"minecraft:gray_wool":1,"minecraft:bone_meal":87,"minecraft:splash_potion":56},"minecraft:custom":{"minecraft:interact_with_smithing_table":1,"minecraft:mob_kills":70,"minecraft:damage_dealt_resisted":69,"minecraft:leave_game":21,"minecraft:time_since_death":276315,"minecraft:climb_one_cm":1635,"minecraft:sprint_one_cm":349472,"minecraft:walk_one_cm":812547,"minecraft:drop":19,"minecraft:talked_to_villager":1,"minecraft:deaths":4,"minecraft:sneak_time":9700,"minecraft:walk_under_water_one_cm":56508,"minecraft:jump":2738,"minecraft:walk_on_water_one_cm":12342,"minecraft:play_one_minute":580128,"minecraft:time_since_rest":276346,"minecraft:damage_taken":2960,"minecraft:damage_dealt":1203,"minecraft:interact_with_beacon":2,"minecraft:swim_one_cm":267,"minecraft:fly_one_cm":2990891,"minecraft:open_chest":1,"minecraft:crouch_one_cm":9251,"minecraft:fall_one_cm":50943},"minecraft:picked_up":{"create:andesite_bricks":3,"minecraft:splash_potion":12,"minecraft:potion":1,"biomesoplenty:cherry_slab":1,"minecraft:string":2,"minecraft:item_frame":1,"additionalguns:schwarzlose":1,"minecraft:poppy":3,"minecraft:torch":61,"minecraft:prismarine_crystals":32,"minecraft:arrow":8,"minecraft:lime_carpet":18,"minecraft:rotten_flesh":16,"serene_shrubbery:purple_hydrangea":1,"minecraft:gunpowder":9,"minecraft:dirt":38,"minecraft:leather_boots":1,"minecraft:cooked_mutton":64,"minecraft:red_carpet":69,"minecraft:bone":9,"minecraft:wheat_seeds":6,"minecraft:milk_bucket":1,"valhelsia_structures:paper_wall":1,"minecraft:sea_lantern":1,"cgm:pistol":1,"minecraft:golden_apple":1},"minecraft:dropped":{"minecraft:diamond":64,"horror_element_mod:spider_head":1,"horror_element_mod:slashed_skull":2,"minecraft:red_carpet":1,"horror_element_mod:villager_head":1,"create:handheld_worldshaper":1,"minecraft:milk_bucket":1,"gravestone:obituary":1,"cgm:pistol":1,"createdeco:iron_sheet_slab":1,"horror_element_mod:hanging_corpse_1":1,"minecraft:cooked_mutton":128,"horror_element_mod:human_remains":2,"horror_element_mod:crucified_body":1,"horror_element_mod:steve_head":1,"additionalguns:schwarzlose":1}},"DataVersion":2586}