{"stats":{"minecraft:killed_by":{"hordes:zombie_player":1},"minecraft:custom":{"minecraft:jump":261,"minecraft:time_since_rest":2054,"minecraft:damage_taken":250,"minecraft:play_one_minute":6935,"minecraft:leave_game":2,"minecraft:time_since_death":2019,"minecraft:sprint_one_cm":26250,"minecraft:walk_one_cm":11413,"minecraft:walk_on_water_one_cm":1101,"minecraft:deaths":1,"minecraft:sneak_time":5,"minecraft:climb_one_cm":193,"minecraft:walk_under_water_one_cm":255,"minecraft:swim_one_cm":1164,"minecraft:fall_one_cm":7191,"minecraft:fly_one_cm":99533}},"DataVersion":2586}