{"stats":{"minecraft:killed":{"minecraft:husk":1,"minecraft:cave_spider":1,"minecraft:spider":2,"minecraft:skeleton":6,"undead:thepregnant":1,"minecraft:zombie":2,"undead:thebomber":1,"minecraft:villager":1},"minecraft:picked_up":{"minecraft:lead":1,"create:handheld_worldshaper":2,"undead:stuffedflesh":3,"biomesoplenty:fir_log":5,"minecraft:gunpowder":165,"horror_element_mod:villager_head":1,"minecraft:dirt":14,"minecraft:string":1,"minecraft:cooked_mutton":224,"minecraft:item_frame":3,"minecraft:netherite_ingot":4,"minecraft:red_carpet":30,"minecraft:bone":9,"minecraft:blue_orchid":1,"horror_element_mod:human_remains":2,"minecraft:light_weighted_pressure_plate":1,"horror_element_mod:hanging_corpse_1":1,"minecraft:iron_ingot":161,"createdeco:iron_sheet_slab":1,"horror_element_mod:spider_head":1,"minecraft:milk_bucket":1,"horror_element_mod:crucified_body":1,"horror_element_mod:slashed_skull":2,"minecraft:torch":2349,"minecraft:redstone":1,"horror_element_mod:steve_head":1,"minecraft:spider_eye":1,"minecraft:lime_carpet":2,"minecraft:arrow":5,"minecraft:rotten_flesh":10,"minecraft:slime_ball":3,"minecraft:diamond":244,"minecraft:gold_ingot":2,"minecraft:totem_of_undying":3,"minecraft:cod":8},"minecraft:dropped":{"minecraft:iron_ingot":192,"securitycraft:mine":3,"undead:soulshard":1,"minecraft:cooked_mutton":192,"create:handheld_worldshaper":1,"minecraft:gunpowder":224,"gravestone:obituary":1},"minecraft:killed_by":{"minecraft:spider":1},"minecraft:used":{"minecraft:cooked_mutton":3,"create:handheld_worldshaper":3,"minecraft:water_bucket":67,"create:framed_glass":9,"createdeco:blue_long_bricks_wall":3,"minecraft:diorite":1,"minecraft:flint_and_steel":28,"minecraft:birch_planks":2,"horror_element_mod:slashed_skull":2,"create:andesite_bricks":136,"cgm:pistol":3,"minecraft:redstone":4,"minecraft:oak_planks":277,"minecraft:jungle_fence":23,"minecraft:ladder":7,"create:layered_diorite":11,"biomesoplenty:stripped_fir_wood":14,"minecraft:spruce_planks":44,"biomesoplenty:fir_leaves":25,"createdeco:polished_iron_bars":2,"minecraft:stone":54,"additionalguns:over_under":17,"createdeco:blue_brick_tiles_wall":12,"valhelsia_structures:metal_framed_glass":3,"createdeco:blue_bricks_wall":5,"minecraft:beacon":5,"createdeco:cracked_dusk_bricks":2,"create:diorite_bricks":1,"valhelsia_structures:paper_wall":1,"create:andesite_bricks_stairs":11,"biomesoplenty:stripped_cherry_log":1,"minecraft:dirt":24,"minecraft:sand":1,"minecraft:vine":11,"createdeco:andesite_bars":4,"horror_element_mod:blood_8":5,"minecraft:orange_wool":12,"minecraft:campfire":18,"create:brown_seat":5,"createdeco:netherite_sheet_metal":112,"createdeco:brass_bars":2,"immersive_portals:portal_helper":14,"minecraft:obsidian":28,"horror_element_mod:blood_2":1,"horror_element_mod:blood_4":1,"minecraft:creeper_spawn_egg":28,"horror_element_mod:blood_6":3,"minecraft:glass":43,"create:paved_andesite_stairs":9,"minecraft:sea_lantern":152,"biomesoplenty:cherry_planks":15,"minecraft:command_block":7,"cgm:shotgun":3,"minecraft:iron_block":173,"minecraft:light_weighted_pressure_plate":2,"minecraft:grass_block":180,"minecraft:barrier":23,"minecraft:netherite_axe":7,"minecraft:gravel":1,"minecraft:item_frame":3,"biomesoplenty:cherry_slab":21,"minecraft:red_carpet":63,"minecraft:cobblestone":1,"minecraft:black_stained_glass":1,"additionalguns:ace_of_spades":1,"minecraft:yellow_glazed_terracotta":57,"undead:thehunter_spawn_egg":3,"minecraft:grass_path":75,"minecraft:acacia_wood":28,"createdeco:brass_bars_overlay":4,"minecraft:husk_spawn_egg":14,"horror_element_mod:blood_9":6,"biomesoplenty:fir_log":68,"horror_element_mod:blood_5":9,"minecraft:gray_wool":14,"valhelsia_structures:brazier":4,"biomesoplenty:fir_fence":39,"horror_element_mod:blood_1":1,"horror_element_mod:blood_3":1},"minecraft:custom":{"minecraft:mob_kills":15,"minecraft:play_one_minute":603955,"minecraft:leave_game":18,"minecraft:time_since_death":1,"minecraft:climb_one_cm":9074,"minecraft:damage_resisted":18,"minecraft:time_since_rest":155,"minecraft:sprint_one_cm":276406,"minecraft:damage_taken":2047,"minecraft:walk_one_cm":713698,"minecraft:drop":23,"minecraft:damage_dealt":630,"minecraft:interact_with_beacon":26,"minecraft:swim_one_cm":2688,"minecraft:talked_to_villager":1,"minecraft:fly_one_cm":1967304,"minecraft:open_chest":1,"minecraft:crouch_one_cm":11629,"minecraft:deaths":5,"minecraft:sneak_time":15707,"minecraft:walk_under_water_one_cm":25953,"minecraft:jump":1326,"minecraft:walk_on_water_one_cm":17726,"minecraft:fall_one_cm":20120}},"DataVersion":2586}