{"stats":{"minecraft:crafted":{"minecraft:apple":12},"minecraft:custom":{"minecraft:mob_kills":33,"minecraft:interact_with_crafting_table":6,"minecraft:play_one_minute":763778,"minecraft:leave_game":21,"minecraft:time_since_death":129281,"minecraft:climb_one_cm":9282,"minecraft:damage_resisted":18,"minecraft:time_since_rest":130232,"minecraft:sprint_one_cm":322179,"minecraft:damage_taken":2744,"minecraft:walk_one_cm":873761,"minecraft:drop":26,"minecraft:damage_dealt":3194,"minecraft:interact_with_beacon":26,"minecraft:swim_one_cm":3322,"minecraft:talked_to_villager":1,"minecraft:fly_one_cm":2249556,"minecraft:player_kills":5,"minecraft:open_chest":1,"minecraft:crouch_one_cm":12723,"minecraft:deaths":6,"minecraft:sneak_time":17218,"minecraft:walk_under_water_one_cm":31764,"minecraft:jump":1632,"minecraft:walk_on_water_one_cm":21660,"minecraft:fall_one_cm":22163},"minecraft:mined":{"minecraft:tall_grass":1},"minecraft:killed_by":{"minecraft:player":1,"minecraft:spider":1},"minecraft:picked_up":{"minecraft:repeater":3,"minecraft:leather":22,"minecraft:lead":1,"create:handheld_worldshaper":2,"undead:stuffedflesh":3,"biomesoplenty:fir_log":5,"horror_element_mod:villager_head":1,"minecraft:gunpowder":165,"minecraft:dirt":14,"minecraft:string":1,"minecraft:cooked_mutton":224,"minecraft:item_frame":3,"minecraft:netherite_ingot":4,"minecraft:red_carpet":30,"minecraft:bone":10,"minecraft:blue_orchid":1,"horror_element_mod:human_remains":2,"minecraft:beef":34,"minecraft:light_weighted_pressure_plate":1,"horror_element_mod:hanging_corpse_1":1,"minecraft:iron_ingot":161,"minecraft:dark_oak_sign":1,"minecraft:netherite_axe":3,"createdeco:iron_sheet_slab":1,"horror_element_mod:spider_head":1,"minecraft:milk_bucket":1,"horror_element_mod:crucified_body":1,"horror_element_mod:slashed_skull":2,"minecraft:torch":2349,"undead:blackpetal":2,"minecraft:redstone":8,"horror_element_mod:steve_head":1,"minecraft:spider_eye":1,"minecraft:lime_carpet":2,"minecraft:arrow":5,"minecraft:rotten_flesh":12,"minecraft:slime_ball":3,"minecraft:diamond":244,"minecraft:polished_blackstone_button":1,"minecraft:gold_ingot":2,"minecraft:totem_of_undying":3,"minecraft:cod":8,"minecraft:ender_pearl":1},"minecraft:killed":{"minecraft:husk":1,"minecraft:cave_spider":1,"minecraft:spider":2,"undead:themermaid":1,"minecraft:skeleton":6,"undead:thepregnant":1,"minecraft:zombie":2,"undead:thebomber":1,"minecraft:villager":1,"minecraft:enderman":1,"minecraft:cow":16},"minecraft:dropped":{"minecraft:iron_ingot":192,"securitycraft:mine":3,"undead:soulshard":1,"minecraft:netherite_axe":3,"minecraft:cooked_mutton":192,"create:handheld_worldshaper":1,"minecraft:gunpowder":224,"gravestone:obituary":1},"minecraft:used":{"minecraft:cooked_mutton":3,"create:handheld_worldshaper":3,"minecraft:water_bucket":67,"create:framed_glass":9,"createdeco:blue_long_bricks_wall":3,"minecraft:diorite":1,"minecraft:cow_spawn_egg":21,"minecraft:dark_oak_sign":1,"minecraft:prismarine":15,"minecraft:flint_and_steel":28,"minecraft:birch_planks":2,"horror_element_mod:slashed_skull":2,"create:andesite_bricks":138,"cgm:pistol":3,"minecraft:redstone":8,"minecraft:oak_planks":277,"minecraft:jungle_fence":23,"minecraft:ladder":7,"create:layered_diorite":11,"biomesoplenty:stripped_fir_wood":14,"minecraft:spruce_planks":44,"biomesoplenty:fir_leaves":25,"createdeco:polished_iron_bars":2,"minecraft:stone":55,"additionalguns:over_under":17,"minecraft:beacon":5,"createdeco:cracked_dusk_bricks":2,"createdeco:blue_brick_tiles_wall":12,"valhelsia_structures:metal_framed_glass":3,"createdeco:blue_bricks_wall":5,"create:diorite_bricks":1,"valhelsia_structures:paper_wall":1,"create:andesite_bricks_stairs":11,"elevatorid:elevator_white":6,"biomesoplenty:stripped_cherry_log":1,"minecraft:dirt":24,"minecraft:sand":1,"minecraft:vine":11,"createdeco:andesite_bars":4,"minecraft:crafting_table":1,"horror_element_mod:blood_8":5,"minecraft:campfire":18,"minecraft:orange_wool":12,"create:brown_seat":5,"createdeco:netherite_sheet_metal":112,"createdeco:brass_bars":2,"immersive_portals:portal_helper":14,"minecraft:obsidian":28,"horror_element_mod:blood_2":1,"horror_element_mod:blood_4":1,"minecraft:creeper_spawn_egg":28,"horror_element_mod:blood_6":3,"minecraft:glass":43,"create:paved_andesite_stairs":9,"minecraft:sea_lantern":155,"minecraft:apple":6,"biomesoplenty:cherry_planks":15,"minecraft:command_block":8,"cgm:shotgun":7,"minecraft:iron_block":173,"minecraft:light_weighted_pressure_plate":2,"minecraft:grass_block":180,"minecraft:spruce_button":1,"minecraft:barrier":23,"minecraft:netherite_axe":43,"minecraft:gravel":1,"minecraft:item_frame":3,"biomesoplenty:cherry_slab":21,"carryon:tile_item":2,"minecraft:repeater":6,"minecraft:red_carpet":64,"minecraft:cobblestone":1,"minecraft:black_stained_glass":1,"additionalguns:ace_of_spades":1,"minecraft:yellow_glazed_terracotta":57,"undead:thehunter_spawn_egg":3,"minecraft:grass_path":75,"minecraft:acacia_wood":28,"createdeco:brass_bars_overlay":4,"minecraft:polished_blackstone_button":10,"minecraft:husk_spawn_egg":14,"horror_element_mod:blood_9":6,"biomesoplenty:fir_log":68,"horror_element_mod:blood_5":9,"minecraft:gray_wool":14,"valhelsia_structures:brazier":4,"biomesoplenty:fir_fence":39,"horror_element_mod:blood_1":1,"horror_element_mod:blood_3":1}},"DataVersion":2586}