{"stats":{"minecraft:mined":{"gravestone:gravestone":1,"minecraft:tall_grass":1},"minecraft:killed":{"minecraft:cave_spider":1,"hordes:zombie_player":2,"minecraft:spider":3,"undead:themermaid":1,"minecraft:skeleton":8,"undead:thepregnant":1,"minecraft:chicken":3,"minecraft:drowned":1,"undead:thebomber":1,"minecraft:husk":5,"minecraft:pig":1,"minecraft:zombie":5,"minecraft:villager":1,"minecraft:enderman":1,"minecraft:cow":18},"minecraft:used":{"create:framed_glass":9,"createdeco:blue_long_bricks_wall":3,"minecraft:iron_shovel":9,"minecraft:flint_and_steel":28,"create:andesite_bricks":153,"minecraft:redstone":24,"minecraft:ladder":7,"minecraft:spruce_planks":44,"createdeco:polished_iron_bars":2,"minecraft:stone":111,"additionalguns:over_under":17,"createdeco:blue_bricks_wall":5,"createdeco:cracked_dusk_bricks":7,"minecraft:structure_block":78,"valhelsia_structures:paper_wall":1,"minecraft:torch":18,"biomesoplenty:stripped_cherry_log":1,"minecraft:dirt":43,"horror_element_mod:blood_8":5,"minecraft:orange_wool":22,"create:brown_seat":5,"create:creative_crate":1,"createdeco:netherite_sheet_metal":112,"createdeco:brass_bars":2,"immersive_portals:portal_helper":14,"minecraft:obsidian":28,"horror_element_mod:blood_6":3,"minecraft:glass":43,"minecraft:wooden_axe":2,"minecraft:sea_lantern":155,"biomesoplenty:cherry_planks":15,"minecraft:light_weighted_pressure_plate":2,"cgm:shotgun":7,"minecraft:iron_block":173,"minecraft:grass_block":225,"minecraft:spruce_button":1,"minecraft:item_frame":3,"minecraft:repeater":11,"minecraft:red_carpet":64,"carryon:tile_item":3,"minecraft:black_stained_glass":1,"minecraft:yellow_glazed_terracotta":57,"minecraftmodernxl:table_white_3x_3":4,"createdeco:brass_bars_overlay":4,"minecraft:acacia_wood":28,"horror_element_mod:blood_9":6,"horror_element_mod:blood_5":9,"valhelsia_structures:brazier":4,"biomesoplenty:fir_fence":39,"horror_element_mod:blood_1":1,"minecraft:cooked_mutton":3,"create:handheld_worldshaper":3,"minecraft:water_bucket":67,"minecraft:diorite":1,"minecraft:cow_spawn_egg":21,"minecraft:birch_planks":2,"horror_element_mod:slashed_skull":2,"cgm:pistol":43,"minecraft:jungle_fence":23,"minecraft:dark_oak_sign":1,"minecraft:prismarine":25,"minecraftmodernxl:table_white_1x_2":5,"minecraft:oak_planks":277,"create:layered_diorite":12,"biomesoplenty:stripped_fir_wood":15,"biomesoplenty:fir_leaves":25,"createdeco:blue_brick_tiles_wall":25,"valhelsia_structures:metal_framed_glass":3,"minecraft:beacon":5,"create:diorite_bricks":1,"create:andesite_bricks_stairs":11,"elevatorid:elevator_white":6,"minecraft:sand":1,"minecraft:vine":11,"createdeco:andesite_bars":4,"minecraft:crafting_table":1,"minecraft:campfire":29,"minecraft:sponge":110,"horror_element_mod:blood_2":1,"horror_element_mod:blood_4":1,"minecraft:creeper_spawn_egg":28,"minecraft:dark_prismarine":5,"create:paved_andesite_stairs":9,"minecraft:apple":6,"minecraft:command_block":8,"minecraft:barrier":30,"minecraft:netherite_axe":66,"minecraft:gravel":3,"biomesoplenty:cherry_slab":21,"minecraft:cobblestone":1,"additionalguns:ace_of_spades":1,"undead:thehunter_spawn_egg":3,"minecraft:grass_path":84,"create:creative_fluid_tank":17,"minecraft:polished_blackstone_button":12,"biomesoplenty:fir_log":68,"minecraft:husk_spawn_egg":23,"minecraft:gray_wool":14,"horror_element_mod:blood_3":1},"minecraft:crafted":{"minecraft:apple":12},"minecraft:killed_by":{"minecraft:player":1,"minecraft:spider":2,"minecraft:skeleton":1,"minecraft:zombie":1},"minecraft:picked_up":{"minecraft:wooden_axe":1,"pretaccraft:heavy_armor_boots":1,"minecraft:wheat":128,"cgm:basic_bullet":62,"minecraft:chicken":6,"minecraft:structure_block":1,"minecraft:lead":1,"create:handheld_worldshaper":2,"minecraft:string":2,"minecraft:item_frame":3,"minecraft:netherite_ingot":4,"minecraft:iron_shovel":2,"minecraft:blue_orchid":1,"horror_element_mod:human_remains":2,"undead:glutonnyleech":1,"minecraft:light_weighted_pressure_plate":1,"horror_element_mod:hanging_corpse_1":1,"minecraft:beef":40,"valhelsia_structures:doused_torch":1,"pretaccraft:combat_armor_helmet":1,"horror_element_mod:crucified_body":1,"horror_element_mod:slashed_skull":2,"minecraft:torch":2355,"minecraft:porkchop":6,"undead:blackpetal":2,"minecraft:redstone":22,"minecraft:lime_carpet":2,"minecraft:arrow":8,"pretaccraft:heavy_armor_helmet":1,"minecraft:rotten_flesh":16,"minecraft:gold_ingot":125,"minecraft:totem_of_undying":3,"minecraft:cod":8,"pretaccraft:combat_armor_leggings":1,"minecraft:repeater":10,"minecraft:leather":22,"biomesoplenty:fir_log":5,"undead:stuffedflesh":3,"horror_element_mod:villager_head":1,"minecraft:gunpowder":253,"minecraft:dirt":14,"minecraft:cooked_mutton":224,"minecraft:red_carpet":30,"minecraft:bone":12,"minecraft:wheat_seeds":3,"minecraft:iron_ingot":305,"minecraft:dark_oak_sign":1,"minecraft:netherite_axe":4,"createdeco:iron_sheet_slab":1,"pretaccraft:nylon_stripe":1,"horror_element_mod:spider_head":1,"minecraft:stone_hoe":1,"minecraft:milk_bucket":1,"minecraft:ink_sac":3,"horror_element_mod:steve_head":1,"minecraft:spider_eye":2,"cgm:pistol":1,"minecraft:slime_ball":3,"minecraft:diamond":244,"pretaccraft:o_old_armor_helmet":1,"minecraft:polished_blackstone_button":3,"pretaccraft:heavy_armor_leggings":1,"minecraft:ender_pearl":1},"minecraft:dropped":{"minecraft:stone_hoe":1,"minecraft:iron_ingot":288,"pretaccraft:aramid":1,"minecraft:netherite_axe":5,"pretaccraft:combat_armor_helmet":1,"pretaccraft:operator_armor_boots":1,"pretaccraft:o_old_armor_leggings":1,"create:handheld_worldshaper":1,"pretaccraft:heavy_armor_boots":1,"pretaccraft:o_old_armor_helmet":1,"pretaccraft:o_old_armor_chestplate":1,"minecraft:wooden_axe":1,"minecraft:husk_spawn_egg":64,"gravestone:obituary":2,"minecraft:iron_shovel":3,"pretaccraft:high_protection_class_armor_plate":1,"pretaccraft:combat_armor_boots":1,"minecraft:gold_ingot":96,"securitycraft:mine":3,"pretaccraft:operator_armor_helmet":1,"undead:soulshard":1,"minecraft:wheat":32,"pretaccraft:heavy_armor_leggings":3,"minecraft:structure_block":1,"pretaccraft:heavy_armor_chestplate":1,"minecraft:cooked_mutton":192,"pretaccraft:plate_bag":1,"cgm:workbench":1,"pretaccraft:strong_cloth":1,"minecraft:gunpowder":304,"pretaccraft:heavy_armor_helmet":1,"pretaccraft:nylon_stripe":2,"pretaccraft:combat_armor_leggings":1,"pretaccraft:tactical_armor_boots":1,"pretaccraft:armor_plate":1},"minecraft:custom":{"minecraft:mob_kills":52,"minecraft:interact_with_crafting_table":7,"minecraft:leave_game":40,"minecraft:time_since_death":1,"minecraft:climb_one_cm":11356,"minecraft:damage_resisted":114,"minecraft:sprint_one_cm":421998,"minecraft:walk_one_cm":1092507,"minecraft:drop":69,"minecraft:talked_to_villager":1,"minecraft:deaths":14,"minecraft:sneak_time":25016,"minecraft:walk_under_water_one_cm":76874,"minecraft:jump":2057,"minecraft:walk_on_water_one_cm":43148,"minecraft:play_one_minute":1070606,"minecraft:time_since_rest":15,"minecraft:damage_taken":3976,"minecraft:damage_dealt":7114,"minecraft:interact_with_beacon":26,"minecraft:swim_one_cm":3322,"minecraft:fly_one_cm":3194419,"minecraft:player_kills":11,"minecraft:open_chest":1,"minecraft:crouch_one_cm":16839,"minecraft:fall_one_cm":29040}},"DataVersion":2586}