{"stats":{"minecraft:custom":{"minecraft:mob_kills":6,"minecraft:play_one_minute":502363,"minecraft:leave_game":15,"minecraft:time_since_death":47116,"minecraft:climb_one_cm":8285,"minecraft:damage_resisted":8,"minecraft:time_since_rest":47158,"minecraft:sprint_one_cm":241347,"minecraft:damage_taken":2007,"minecraft:walk_one_cm":609913,"minecraft:drop":2,"minecraft:damage_dealt":600,"minecraft:interact_with_beacon":26,"minecraft:swim_one_cm":2688,"minecraft:talked_to_villager":1,"minecraft:fly_one_cm":1621168,"minecraft:open_chest":1,"minecraft:crouch_one_cm":10196,"minecraft:deaths":4,"minecraft:sneak_time":13123,"minecraft:walk_under_water_one_cm":25212,"minecraft:jump":1091,"minecraft:walk_on_water_one_cm":17726,"minecraft:fall_one_cm":18897},"minecraft:killed_by":{"minecraft:spider":1},"minecraft:picked_up":{"minecraft:lead":1,"biomesoplenty:fir_log":5,"create:handheld_worldshaper":2,"minecraft:gunpowder":5,"horror_element_mod:villager_head":1,"minecraft:dirt":14,"minecraft:item_frame":3,"minecraft:cooked_mutton":64,"minecraft:netherite_ingot":4,"minecraft:bone":6,"minecraft:red_carpet":30,"minecraft:blue_orchid":1,"horror_element_mod:human_remains":2,"horror_element_mod:hanging_corpse_1":1,"minecraft:iron_ingot":1,"createdeco:iron_sheet_slab":1,"horror_element_mod:spider_head":1,"minecraft:milk_bucket":1,"horror_element_mod:crucified_body":1,"horror_element_mod:slashed_skull":2,"minecraft:torch":2349,"horror_element_mod:steve_head":1,"minecraft:lime_carpet":2,"minecraft:arrow":4,"minecraft:rotten_flesh":6,"minecraft:diamond":244,"minecraft:gold_ingot":2,"minecraft:totem_of_undying":3,"minecraft:cod":8},"minecraft:killed":{"minecraft:husk":1,"minecraft:spider":1,"minecraft:skeleton":3,"minecraft:villager":1},"minecraft:dropped":{"create:handheld_worldshaper":1,"gravestone:obituary":1},"minecraft:used":{"minecraft:cooked_mutton":3,"create:handheld_worldshaper":3,"minecraft:water_bucket":67,"create:framed_glass":9,"createdeco:blue_long_bricks_wall":3,"minecraft:flint_and_steel":28,"minecraft:birch_planks":2,"minecraft:ladder":7,"create:andesite_bricks":133,"cgm:pistol":3,"horror_element_mod:slashed_skull":2,"minecraft:jungle_fence":23,"minecraft:oak_planks":211,"create:layered_diorite":11,"biomesoplenty:stripped_fir_wood":14,"minecraft:spruce_planks":44,"biomesoplenty:fir_leaves":25,"createdeco:polished_iron_bars":2,"minecraft:stone":25,"additionalguns:over_under":1,"createdeco:blue_brick_tiles_wall":12,"createdeco:blue_bricks_wall":5,"valhelsia_structures:metal_framed_glass":3,"minecraft:beacon":5,"create:diorite_bricks":1,"valhelsia_structures:paper_wall":1,"create:andesite_bricks_stairs":11,"biomesoplenty:stripped_cherry_log":1,"minecraft:dirt":24,"minecraft:vine":11,"createdeco:andesite_bars":4,"horror_element_mod:blood_8":5,"minecraft:orange_wool":9,"minecraft:campfire":18,"create:brown_seat":5,"createdeco:netherite_sheet_metal":112,"createdeco:brass_bars":2,"immersive_portals:portal_helper":14,"minecraft:obsidian":28,"horror_element_mod:blood_2":1,"horror_element_mod:blood_4":1,"horror_element_mod:blood_6":3,"minecraft:glass":43,"create:paved_andesite_stairs":9,"minecraft:sea_lantern":132,"biomesoplenty:cherry_planks":15,"minecraft:command_block":4,"cgm:shotgun":3,"minecraft:iron_block":173,"minecraft:grass_block":159,"minecraft:netherite_axe":6,"minecraft:gravel":1,"minecraft:item_frame":3,"biomesoplenty:cherry_slab":21,"minecraft:red_carpet":63,"minecraft:cobblestone":1,"minecraft:black_stained_glass":1,"additionalguns:ace_of_spades":1,"minecraft:yellow_glazed_terracotta":57,"undead:thehunter_spawn_egg":3,"minecraft:grass_path":50,"minecraft:acacia_wood":25,"createdeco:brass_bars_overlay":4,"minecraft:husk_spawn_egg":9,"horror_element_mod:blood_9":6,"biomesoplenty:fir_log":58,"horror_element_mod:blood_5":9,"minecraft:gray_wool":14,"valhelsia_structures:brazier":4,"biomesoplenty:fir_fence":39,"horror_element_mod:blood_1":1,"horror_element_mod:blood_3":1}},"DataVersion":2586}