{"stats":{"minecraft:mined":{"minecraft:tall_grass":1},"minecraft:picked_up":{"pretaccraft:heavy_armor_boots":1,"minecraft:lead":1,"create:handheld_worldshaper":2,"minecraft:string":1,"minecraft:item_frame":3,"minecraft:netherite_ingot":4,"minecraft:iron_shovel":2,"minecraft:blue_orchid":1,"horror_element_mod:human_remains":2,"undead:glutonnyleech":1,"minecraft:light_weighted_pressure_plate":1,"horror_element_mod:hanging_corpse_1":1,"minecraft:beef":34,"pretaccraft:combat_armor_helmet":1,"horror_element_mod:crucified_body":1,"horror_element_mod:slashed_skull":2,"minecraft:torch":2349,"undead:blackpetal":2,"minecraft:redstone":8,"pretaccraft:heavy_armor_helmet":1,"minecraft:lime_carpet":2,"minecraft:arrow":8,"minecraft:rotten_flesh":16,"minecraft:gold_ingot":2,"minecraft:totem_of_undying":3,"pretaccraft:combat_armor_leggings":1,"minecraft:cod":8,"minecraft:repeater":3,"minecraft:leather":22,"undead:stuffedflesh":3,"biomesoplenty:fir_log":5,"horror_element_mod:villager_head":1,"minecraft:gunpowder":165,"minecraft:dirt":14,"minecraft:cooked_mutton":224,"minecraft:red_carpet":30,"minecraft:bone":12,"minecraft:wheat_seeds":3,"minecraft:iron_ingot":161,"minecraft:dark_oak_sign":1,"minecraft:netherite_axe":4,"createdeco:iron_sheet_slab":1,"pretaccraft:nylon_stripe":1,"horror_element_mod:spider_head":1,"minecraft:milk_bucket":1,"minecraft:ink_sac":3,"horror_element_mod:steve_head":1,"minecraft:spider_eye":1,"minecraft:slime_ball":3,"pretaccraft:o_old_armor_helmet":1,"minecraft:diamond":244,"minecraft:polished_blackstone_button":1,"pretaccraft:heavy_armor_leggings":1,"minecraft:ender_pearl":1},"minecraft:dropped":{"minecraft:iron_ingot":192,"pretaccraft:aramid":1,"minecraft:netherite_axe":4,"pretaccraft:combat_armor_helmet":1,"pretaccraft:operator_armor_boots":1,"pretaccraft:o_old_armor_leggings":1,"create:handheld_worldshaper":1,"pretaccraft:heavy_armor_boots":1,"pretaccraft:o_old_armor_helmet":1,"pretaccraft:o_old_armor_chestplate":1,"minecraft:husk_spawn_egg":64,"gravestone:obituary":2,"minecraft:iron_shovel":3,"pretaccraft:high_protection_class_armor_plate":1,"pretaccraft:combat_armor_boots":1,"securitycraft:mine":3,"pretaccraft:operator_armor_helmet":1,"undead:soulshard":1,"pretaccraft:heavy_armor_leggings":3,"minecraft:cooked_mutton":192,"pretaccraft:heavy_armor_chestplate":1,"pretaccraft:plate_bag":1,"cgm:workbench":1,"pretaccraft:strong_cloth":1,"minecraft:gunpowder":224,"pretaccraft:heavy_armor_helmet":1,"pretaccraft:nylon_stripe":2,"pretaccraft:combat_armor_leggings":1,"pretaccraft:tactical_armor_boots":1,"pretaccraft:armor_plate":1},"minecraft:used":{"create:framed_glass":9,"createdeco:blue_long_bricks_wall":3,"minecraft:iron_shovel":9,"minecraft:flint_and_steel":28,"create:andesite_bricks":138,"minecraft:redstone":8,"minecraft:ladder":7,"minecraft:spruce_planks":44,"createdeco:polished_iron_bars":2,"minecraft:stone":96,"additionalguns:over_under":17,"createdeco:blue_bricks_wall":5,"createdeco:cracked_dusk_bricks":2,"minecraft:structure_block":42,"valhelsia_structures:paper_wall":1,"biomesoplenty:stripped_cherry_log":1,"minecraft:dirt":42,"horror_element_mod:blood_8":5,"minecraft:orange_wool":22,"create:brown_seat":5,"createdeco:netherite_sheet_metal":112,"createdeco:brass_bars":2,"immersive_portals:portal_helper":14,"minecraft:obsidian":28,"horror_element_mod:blood_6":3,"minecraft:glass":43,"minecraft:sea_lantern":155,"biomesoplenty:cherry_planks":15,"minecraft:grass_block":212,"cgm:shotgun":7,"minecraft:iron_block":173,"minecraft:light_weighted_pressure_plate":2,"minecraft:spruce_button":1,"minecraft:item_frame":3,"minecraft:repeater":6,"carryon:tile_item":3,"minecraft:red_carpet":64,"minecraft:black_stained_glass":1,"minecraft:yellow_glazed_terracotta":57,"minecraft:acacia_wood":28,"createdeco:brass_bars_overlay":4,"horror_element_mod:blood_9":6,"horror_element_mod:blood_5":9,"valhelsia_structures:brazier":4,"biomesoplenty:fir_fence":39,"horror_element_mod:blood_1":1,"minecraft:cooked_mutton":3,"create:handheld_worldshaper":3,"minecraft:water_bucket":67,"minecraft:diorite":1,"minecraft:cow_spawn_egg":21,"minecraft:birch_planks":2,"horror_element_mod:slashed_skull":2,"cgm:pistol":3,"minecraft:dark_oak_sign":1,"minecraft:prismarine":15,"minecraft:jungle_fence":23,"minecraft:oak_planks":277,"create:layered_diorite":11,"biomesoplenty:stripped_fir_wood":15,"biomesoplenty:fir_leaves":25,"createdeco:blue_brick_tiles_wall":25,"valhelsia_structures:metal_framed_glass":3,"minecraft:beacon":5,"create:diorite_bricks":1,"create:andesite_bricks_stairs":11,"elevatorid:elevator_white":6,"minecraft:sand":1,"minecraft:vine":11,"createdeco:andesite_bars":4,"minecraft:crafting_table":1,"minecraft:campfire":29,"horror_element_mod:blood_2":1,"horror_element_mod:blood_4":1,"minecraft:creeper_spawn_egg":28,"create:paved_andesite_stairs":9,"minecraft:apple":6,"minecraft:command_block":8,"minecraft:barrier":23,"minecraft:netherite_axe":64,"minecraft:gravel":1,"biomesoplenty:cherry_slab":21,"minecraft:cobblestone":1,"additionalguns:ace_of_spades":1,"undead:thehunter_spawn_egg":3,"minecraft:grass_path":84,"minecraft:polished_blackstone_button":10,"biomesoplenty:fir_log":68,"minecraft:husk_spawn_egg":23,"minecraft:gray_wool":14,"horror_element_mod:blood_3":1},"minecraft:crafted":{"minecraft:apple":12},"minecraft:killed_by":{"minecraft:player":1,"minecraft:spider":1},"minecraft:killed":{"minecraft:cave_spider":1,"minecraft:spider":2,"undead:themermaid":1,"minecraft:skeleton":8,"undead:thepregnant":1,"undead:thebomber":1,"minecraft:husk":5,"minecraft:zombie":2,"minecraft:villager":1,"minecraft:enderman":1,"minecraft:cow":16},"minecraft:custom":{"minecraft:mob_kills":39,"minecraft:interact_with_crafting_table":6,"minecraft:leave_game":30,"minecraft:time_since_death":46625,"minecraft:climb_one_cm":9395,"minecraft:damage_resisted":114,"minecraft:sprint_one_cm":341847,"minecraft:walk_one_cm":966951,"minecraft:drop":55,"minecraft:talked_to_villager":1,"minecraft:deaths":10,"minecraft:sneak_time":21645,"minecraft:walk_under_water_one_cm":36566,"minecraft:jump":1846,"minecraft:walk_on_water_one_cm":27559,"minecraft:play_one_minute":931887,"minecraft:time_since_rest":46636,"minecraft:damage_taken":3203,"minecraft:damage_dealt":6648,"minecraft:interact_with_beacon":26,"minecraft:swim_one_cm":3322,"minecraft:fly_one_cm":2754260,"minecraft:player_kills":11,"minecraft:open_chest":1,"minecraft:crouch_one_cm":14720,"minecraft:fall_one_cm":27519}},"DataVersion":2586}