{
  "__COMMENT1": "To apply this configuration to all newly generated worlds",
  "__COMMENT2": "please place this configuration file into your config directory",
  "__COMMENT3": "with the following name: cpm-server-default.json",
  "player_scaling": {
    "d456cb28-f723-11eb-9a3a-d45d64bce613": {
      "flight": 1.0,
      "mob_vis": 1.0,
      "motion": 1.0,
      "defense": 1.0,
      "reach": 1.0,
      "attack": 1.0,
      "akb": 1.0,
      "health": 1.0,
      "kbr": 1.0,
      "asp": 1.0
    },
    "76de2e9b-feaa-3489-941e-2329a00106f2": {
      "motion": 1.0,
      "flight": 1.0,
      "reach": 1.0,
      "asp": 1.0,
      "akb": 1.0,
      "attack": 1.0,
      "defense": 1.0,
      "health": 1.0,
      "mob_vis": 1.0,
      "kbr": 1.0
    },
    "5015fe34-1e48-31c9-b241-b5d03155dcdf": {
      "motion": 1.0,
      "flight": 1.0,
      "reach": 1.0,
      "asp": 1.0,
      "akb": 1.0,
      "attack": 1.0,
      "defense": 1.0,
      "health": 1.0,
      "mob_vis": 1.0,
      "kbr": 1.0
    },
    "67ecae50-6eef-3888-b9cc-2fbb3f3a0723": {}
  },
  "player_scaling_settings": {},
  "scaling_settings": {
    "motion": {},
    "mob_visibility": {},
    "defense": {},
    "attack_knockback": {},
    "flight_speed": {},
    "knockback_resist": {},
    "reach": {},
    "health": {},
    "attack_speed": {},
    "attack_dmg": {}
  },
  "skins": {}
}