{
  "create:recipes/create.palettes/mossy_granite_from_granite_stonecutting": {
    "criteria": {
      "has_granite": "2024-10-31 03:45:56 +0000"
    },
    "done": true
  },
  "securitycraft:recipes/securitycraft/universal_block_remover": {
    "criteria": {
      "has_iron": "2024-11-07 20:03:10 +0000"
    },
    "done": true
  },
  "minecraft:recipes/tools/fishing_rod": {
    "criteria": {
      "has_string": "2024-11-07 21:08:07 +0000"
    },
    "done": true
  },
  "minecraft:recipes/building_blocks/black_stained_glass": {
    "criteria": {
      "has_glass": "2024-10-31 03:41:40 +0000"
    },
    "done": true
  },
  "securitycraft:recipes/securitycraft/reinforced_purple_stained_glass_pane_from_dye": {
    "criteria": {
      "has_glass": "2024-10-31 03:41:40 +0000"
    },
    "done": true
  },
  "minecraft:recipes/redstone/lever": {
    "criteria": {
      "has_cobblestone": "2024-11-07 18:51:10 +0000"
    },
    "done": true
  },
  "minecraft:recipes/misc/light_blue_dye_from_blue_orchid": {
    "criteria": {
      "has_red_flower": "2024-11-06 21:16:52 +0000"
    },
    "done": true
  },
  "minecraft:recipes/combat/iron_sword": {
    "criteria": {
      "has_iron_ingot": "2024-11-07 20:03:10 +0000"
    },
    "done": true
  },
  "minecraft:recipes/building_blocks/stone_bricks": {
    "criteria": {
      "has_stone": "2024-10-31 03:19:45 +0000"
    },
    "done": true
  },
  "biomesoplenty:recipes/building_blocks/fir_stairs": {
    "criteria": {
      "has_planks": "2024-10-31 03:22:32 +0000"
    },
    "done": true
  },
  "valhelsia_structures:recipes/valhelsia_structures_main/dark_oak_post": {
    "criteria": {
      "has_item": "2024-11-07 20:35:56 +0000"
    },
    "done": true
  },
  "minecraft:recipes/building_blocks/mossy_cobblestone": {
    "criteria": {
      "has_vine": "2024-11-06 20:59:00 +0000"
    },
    "done": true
  },
  "securitycraft:recipes/securitycraft/reinforced_andesite_with_vanilla_diorite": {
    "criteria": {
      "has_cobblestone": "2024-11-07 18:51:10 +0000"
    },
    "done": true
  },
  "minecraft:recipes/redstone/spruce_door": {
    "criteria": {
      "has_planks": "2024-11-07 20:35:47 +0000"
    },
    "done": true
  },
  "additionalguns:recipes/additionalguns/unica": {
    "criteria": {
      "has_planks": "2024-10-31 03:22:32 +0000"
    },
    "done": true
  },
  "additionalguns:recipes/additionalguns/akm": {
    "criteria": {
      "has_planks": "2024-10-31 03:22:32 +0000"
    },
    "done": true
  },
  "valhelsia_structures:recipes/valhelsia_structures_main/paper_wall": {
    "criteria": {
      "has_item": "2024-11-07 18:51:47 +0000"
    },
    "done": true
  },
  "minecraft:recipes/misc/light_gray_dye_from_white_tulip": {
    "criteria": {
      "has_red_flower": "2024-11-06 21:16:54 +0000"
    },
    "done": true
  },
  "minecraft:recipes/building_blocks/lime_concrete_powder": {
    "criteria": {
      "has_gravel": "2024-10-31 02:47:36 +0000"
    },
    "done": true
  },
  "securitycraft:recipes/securitycraft/sentry": {
    "criteria": {
      "has_iron": "2024-11-07 20:03:10 +0000"
    },
    "done": true
  },
  "minecraft:recipes/building_blocks/gray_stained_glass": {
    "criteria": {
      "has_glass": "2024-10-31 03:41:40 +0000"
    },
    "done": true
  },
  "minecraft:recipes/tools/iron_pickaxe": {
    "criteria": {
      "has_iron_ingot": "2024-11-07 20:03:10 +0000"
    },
    "done": true
  },
  "additionalguns:recipes/additionalguns/casing_heavy": {
    "criteria": {
      "has_iron_nugget": "2024-11-07 20:49:43 +0000"
    },
    "done": true
  },
  "mcwfurnituresbop:recipes/mahogany": {
    "criteria": {
      "has_wood": "2024-10-31 02:47:26 +0000"
    },
    "done": true
  },
  "minecraft:recipes/building_blocks/yellow_concrete_powder": {
    "criteria": {
      "has_gravel": "2024-10-31 02:47:36 +0000"
    },
    "done": true
  },
  "minecraft:recipes/redstone/spruce_fence_gate": {
    "criteria": {
      "has_planks": "2024-11-07 20:35:47 +0000"
    },
    "done": true
  },
  "minecraft:recipes/decorations/crafting_table": {
    "criteria": {
      "has_planks": "2024-10-31 03:22:32 +0000"
    },
    "done": true
  },
  "minecraft:recipes/building_blocks/purple_stained_glass": {
    "criteria": {
      "has_glass": "2024-10-31 03:41:40 +0000"
    },
    "done": true
  },
  "additionalguns:recipes/additionalguns/usp": {
    "criteria": {
      "has_iron_ingot": "2024-11-07 20:03:10 +0000"
    },
    "done": true
  },
  "additionalguns:recipes/additionalguns/ak74": {
    "criteria": {
      "has_planks": "2024-10-31 03:22:32 +0000"
    },
    "done": true
  },
  "securitycraft:recipes/securitycraft/reinforced_green_stained_glass": {
    "criteria": {
      "has_glass": "2024-10-31 03:41:40 +0000"
    },
    "done": true
  },
  "securitycraft:recipes/securitycraft/reinforced_red_stained_glass_pane_from_dye": {
    "criteria": {
      "has_glass": "2024-10-31 03:41:40 +0000"
    },
    "done": true
  },
  "minecraft:recipes/building_blocks/dark_oak_slab": {
    "criteria": {
      "has_planks": "2024-11-07 20:35:49 +0000"
    },
    "done": true
  },
  "minecraft:recipes/decorations/chest": {
    "criteria": {
      "has_lots_of_items": "2024-10-31 02:57:42 +0000"
    },
    "done": true
  },
  "minecraft:recipes/combat/golden_sword": {
    "criteria": {
      "has_gold_ingot": "2024-11-07 20:03:12 +0000"
    },
    "done": true
  },
  "minecraft:recipes/building_blocks/chiseled_stone_bricks_stone_from_stonecutting": {
    "criteria": {
      "has_stone": "2024-10-31 03:19:45 +0000"
    },
    "done": true
  },
  "minecraft:recipes/redstone/spruce_button": {
    "criteria": {
      "has_planks": "2024-11-07 20:35:47 +0000"
    },
    "done": true
  },
  "mcwfurnituresbop:recipes/redwood": {
    "criteria": {
      "has_wood": "2024-10-31 02:47:26 +0000"
    },
    "done": true
  },
  "securitycraft:recipes/securitycraft/reinforced_black_stained_glass_pane_from_dye": {
    "criteria": {
      "has_glass": "2024-10-31 03:41:40 +0000"
    },
    "done": true
  },
  "mcwdoors:recipes/dark_oak": {
    "criteria": {
      "has_wood": "2024-10-31 02:47:26 +0000"
    },
    "done": true
  },
  "securitycraft:recipes/securitycraft/reinforced_orange_stained_glass": {
    "criteria": {
      "has_glass": "2024-10-31 03:41:40 +0000"
    },
    "done": true
  },
  "minecraft:recipes/redstone/dark_oak_button": {
    "criteria": {
      "has_planks": "2024-11-07 20:35:49 +0000"
    },
    "done": true
  },
  "minecraft:recipes/tools/shears": {
    "criteria": {
      "has_iron_ingot": "2024-11-07 20:03:10 +0000"
    },
    "done": true
  },
  "minecraft:recipes/misc/stick": {
    "criteria": {
      "has_planks": "2024-10-31 03:22:32 +0000"
    },
    "done": true
  },
  "securitycraft:recipes/securitycraft/reinforced_orange_stained_glass_pane_from_glass": {
    "criteria": {
      "has_glass": "2024-10-31 03:41:40 +0000"
    },
    "done": true
  },
  "cgm:recipes/cgm/specialised_grip": {
    "criteria": {
      "has_iron_ingot": "2024-11-07 20:49:43 +0000"
    },
    "done": true
  },
  "mcwdoors:recipes/spruce": {
    "criteria": {
      "has_wood": "2024-10-31 02:47:26 +0000"
    },
    "done": true
  },
  "minecraft:recipes/building_blocks/stone_brick_slab_from_stone_stonecutting": {
    "criteria": {
      "has_stone": "2024-10-31 03:19:45 +0000"
    },
    "done": true
  },
  "undead:emptytheshellado": {
    "criteria": {
      "emptytheshellado": "2024-11-06 23:31:22 +0000"
    },
    "done": true
  },
  "biomesoplenty:recipes/redstone/cherry_button": {
    "criteria": {
      "has_planks": "2024-11-06 22:06:42 +0000"
    },
    "done": true
  },
  "securitycraft:recipes/securitycraft/reinforced_light_blue_stained_glass": {
    "criteria": {
      "has_glass": "2024-10-31 03:41:40 +0000"
    },
    "done": true
  },
  "securitycraft:recipes/securitycraft/electrified_iron_fence": {
    "criteria": {
      "has_iron": "2024-11-07 20:03:10 +0000"
    },
    "done": true
  },
  "minecraft:recipes/building_blocks/dark_oak_planks": {
    "criteria": {
      "has_log": "2024-11-07 20:35:56 +0000"
    },
    "done": true
  },
  "biomesoplenty:recipes/building_blocks/mossy_cobblestone_from_willow_vine": {
    "criteria": {
      "has_the_recipe": "2024-11-06 20:59:00 +0000"
    },
    "done": true
  },
  "createdeco:recipes/createdeco.bricks/cracked_blue_brick_tiles_wall_from_blue_brick_tiles_wall_blasting": {
    "criteria": {
      "has_blue_brick_tiles_wall": "2024-11-06 21:25:33 +0000"
    },
    "done": true
  },
  "securitycraft:recipes/securitycraft/reinforced_andesite_with_vanilla_cobblestone": {
    "criteria": {
      "has_cobblestone": "2024-11-07 18:51:10 +0000"
    },
    "done": true
  },
  "mcwfurnitures:recipes/warped": {
    "criteria": {
      "has_wood": "2024-10-31 02:47:26 +0000"
    },
    "done": true
  },
  "securitycraft:recipes/securitycraft/display_case": {
    "criteria": {
      "has_item_frame": "2024-11-06 22:20:53 +0000"
    },
    "done": true
  },
  "minecraft:recipes/combat/iron_leggings": {
    "criteria": {
      "has_iron_ingot": "2024-11-07 20:03:10 +0000"
    },
    "done": true
  },
  "minecraft:recipes/redstone/dark_oak_door": {
    "criteria": {
      "has_planks": "2024-11-07 20:35:49 +0000"
    },
    "done": true
  },
  "mcwfurnituresbop:recipes/hellbark": {
    "criteria": {
      "has_wood": "2024-10-31 02:47:26 +0000"
    },
    "done": true
  },
  "createdeco:recipes/createdeco.bricks/cracked_dusk_bricks_slab_from_cracked_dusk_bricks_stonecutting": {
    "criteria": {
      "has_cracked_dusk_bricks": "2024-11-06 23:26:51 +0000"
    },
    "done": true
  },
  "minecraft:recipes/combat/shield": {
    "criteria": {
      "has_iron_ingot": "2024-11-07 20:03:10 +0000"
    },
    "done": true
  },
  "minecraft:recipes/building_blocks/cobblestone_slab": {
    "criteria": {
      "has_cobblestone": "2024-11-07 18:51:10 +0000"
    },
    "done": true
  },
  "minecraft:recipes/decorations/gray_bed": {
    "criteria": {
      "has_gray_wool": "2024-11-08 03:11:40 +0000"
    },
    "done": true
  },
  "mcwfurnituresbop:recipes/umbran": {
    "criteria": {
      "has_wood": "2024-10-31 02:47:26 +0000"
    },
    "done": true
  },
  "securitycraft:recipes/securitycraft/reinforced_white_stained_glass_pane_from_glass": {
    "criteria": {
      "has_glass": "2024-10-31 03:41:40 +0000"
    },
    "done": true
  },
  "minecraft:recipes/redstone/hopper": {
    "criteria": {
      "has_iron_ingot": "2024-11-07 20:03:10 +0000"
    },
    "done": true
  },
  "securitycraft:recipes/securitycraft/secret_jungle_sign_item": {
    "criteria": {
      "has_sign": "2024-11-08 15:43:40 +0000"
    },
    "done": true
  },
  "additionalguns:recipes/additionalguns/holo_scope": {
    "criteria": {
      "has_iron_nugget": "2024-11-07 20:49:43 +0000"
    },
    "done": true
  },
  "minecraft:recipes/building_blocks/coarse_dirt": {
    "criteria": {
      "has_gravel": "2024-10-31 02:47:36 +0000"
    },
    "done": true
  },
  "create:recipes/create.base/crafting/kinetics/yellow_seat": {
    "criteria": {
      "has_wool": "2024-10-31 03:34:30 +0000"
    },
    "done": true
  },
  "securitycraft:recipes/securitycraft/secret_spruce_sign_item": {
    "criteria": {
      "has_sign": "2024-11-08 15:43:40 +0000"
    },
    "done": true
  },
  "securitycraft:recipes/securitycraft/reinforced_red_stained_glass": {
    "criteria": {
      "has_glass": "2024-10-31 03:41:40 +0000"
    },
    "done": true
  },
  "minecraft:recipes/building_blocks/light_gray_concrete_powder": {
    "criteria": {
      "has_gravel": "2024-10-31 02:47:36 +0000"
    },
    "done": true
  },
  "biomesoplenty:recipes/transportation/cherry_boat": {
    "criteria": {
      "in_water": "2024-10-31 02:47:37 +0000"
    },
    "done": true
  },
  "securitycraft:recipes/securitycraft/reinforced_lime_stained_glass": {
    "criteria": {
      "has_glass": "2024-10-31 03:41:40 +0000"
    },
    "done": true
  },
  "mcwfurnitures:recipes/birch": {
    "criteria": {
      "has_wood": "2024-10-31 02:47:26 +0000"
    },
    "done": true
  },
  "create:recipes/create.palettes/granite_pillar_from_granite_stonecutting": {
    "criteria": {
      "has_granite": "2024-10-31 03:45:56 +0000"
    },
    "done": true
  },
  "biomesoplenty:recipes/transportation/fir_boat": {
    "criteria": {
      "in_water": "2024-10-31 02:47:37 +0000"
    },
    "done": true
  },
  "securitycraft:recipes/securitycraft/reinforced_blue_stained_glass_pane_from_glass": {
    "criteria": {
      "has_glass": "2024-10-31 03:41:40 +0000"
    },
    "done": true
  },
  "minecraft:recipes/building_blocks/pink_concrete_powder": {
    "criteria": {
      "has_gravel": "2024-10-31 02:47:36 +0000"
    },
    "done": true
  },
  "sophisticatedbackpacks:recipes/sophisticatedbackpacks/blasting_upgrade": {
    "criteria": {
      "has_upgrade_base": "2024-10-31 02:47:26 +0000"
    },
    "done": true
  },
  "securitycraft:recipes/securitycraft/security_camera": {
    "criteria": {
      "has_iron": "2024-11-07 20:03:10 +0000"
    },
    "done": true
  },
  "create:recipes/create.base/crafting/kinetics/lime_seat": {
    "criteria": {
      "has_wool": "2024-10-31 03:34:30 +0000"
    },
    "done": true
  },
  "biomesoplenty:recipes/building_blocks/fir_wood": {
    "criteria": {
      "has_log": "2024-10-31 03:22:31 +0000"
    },
    "done": true
  },
  "securitycraft:recipes/securitycraft/door_indestructible_iron_item": {
    "criteria": {
      "has_iron": "2024-11-07 20:03:10 +0000"
    },
    "done": true
  },
  "sophisticatedbackpacks:recipes/sophisticatedbackpacks/auto_smoking_upgrade": {
    "criteria": {
      "has_smoking_upgrade": "2024-10-31 02:47:26 +0000"
    },
    "done": true
  },
  "minecraft:recipes/building_blocks/yellow_stained_glass": {
    "criteria": {
      "has_glass": "2024-10-31 03:41:40 +0000"
    },
    "done": true
  },
  "additionalguns:recipes/additionalguns/bullet_heavy": {
    "criteria": {
      "has_gunpowder": "2024-11-06 21:47:03 +0000"
    },
    "done": true
  },
  "cgm:recipes/cgm/light_stock": {
    "criteria": {
      "has_iron_ingot": "2024-11-07 20:49:43 +0000"
    },
    "done": true
  },
  "minecraft:recipes/building_blocks/stone_stairs_from_stone_stonecutting": {
    "criteria": {
      "has_stone": "2024-10-31 03:19:45 +0000"
    },
    "done": true
  },
  "securitycraft:recipes/securitycraft/reinforced_white_stained_glass_pane_from_dye": {
    "criteria": {
      "has_glass": "2024-10-31 03:41:40 +0000"
    },
    "done": true
  },
  "cgm:recipes/cgm/grenade": {
    "criteria": {
      "has_gunpowder": "2024-11-06 21:47:03 +0000"
    },
    "done": true
  },
  "minecraft:recipes/decorations/iron_bars": {
    "criteria": {
      "has_iron_ingot": "2024-11-07 20:03:10 +0000"
    },
    "done": true
  },
  "additionalguns:recipes/additionalguns/bullet_medium": {
    "criteria": {
      "has_gunpowder": "2024-11-06 21:47:03 +0000"
    },
    "done": true
  },
  "createdeco:recipes/createdeco.metals/gold_bars_overlay": {
    "criteria": {
      "has_item": "2024-11-07 20:56:54 +0000"
    },
    "done": true
  },
  "mcwfurnituresbop:recipes/fir": {
    "criteria": {
      "has_wood": "2024-10-31 02:47:26 +0000"
    },
    "done": true
  },
  "minecraft:recipes/building_blocks/gold_block": {
    "criteria": {
      "has_gold_ingot": "2024-11-07 20:03:12 +0000"
    },
    "done": true
  },
  "cgm:recipes/cgm/medium_scope": {
    "criteria": {
      "has_glass_pane": "2024-11-07 20:39:08 +0000"
    },
    "done": true
  },
  "additionalguns:recipes/additionalguns/aks74u": {
    "criteria": {
      "has_planks": "2024-10-31 03:22:32 +0000"
    },
    "done": true
  },
  "biomesoplenty:biomesoplenty/all_biomes": {
    "criteria": {
      "coniferous_forest": "2024-11-07 21:14:56 +0000",
      "cherry_blossom_grove": "2024-11-06 20:59:05 +0000",
      "fir_clearing": "2024-10-31 02:43:53 +0000",
      "gravel_beach": "2024-10-31 02:47:12 +0000",
      "undergrowth": "2024-10-31 03:44:20 +0000"
    },
    "done": false
  },
  "minecraft:recipes/brewing/cauldron": {
    "criteria": {
      "has_water_bucket": "2024-11-08 04:02:08 +0000"
    },
    "done": true
  },
  "minecraft:recipes/combat/diamond_leggings": {
    "criteria": {
      "has_diamond": "2024-11-07 20:03:14 +0000"
    },
    "done": true
  },
  "minecraft:recipes/building_blocks/red_stained_glass": {
    "criteria": {
      "has_glass": "2024-10-31 03:41:40 +0000"
    },
    "done": true
  },
  "additionalguns:recipes/additionalguns/ace_of_spades": {
    "criteria": {
      "has_iron_ingot": "2024-11-07 20:03:10 +0000"
    },
    "done": true
  },
  "minecraft:story/lava_bucket": {
    "criteria": {
      "lava_bucket": "2024-11-07 21:54:59 +0000"
    },
    "done": true
  },
  "sophisticatedbackpacks:recipes/sophisticatedbackpacks/smoking_upgrade_from_smelting_upgrade": {
    "criteria": {
      "has_smelting_upgrade": "2024-10-31 02:47:26 +0000"
    },
    "done": true
  },
  "minecraft:recipes/building_blocks/cobblestone_slab_from_cobblestone_stonecutting": {
    "criteria": {
      "has_cobblestone": "2024-11-07 18:51:10 +0000"
    },
    "done": true
  },
  "create:recipes/create.palettes/fancy_diorite_bricks_from_diorite_stonecutting": {
    "criteria": {
      "has_diorite": "2024-11-08 15:48:54 +0000"
    },
    "done": true
  },
  "cgm:recipes/cgm/silencer": {
    "criteria": {
      "has_iron_ingot": "2024-11-07 20:49:43 +0000"
    },
    "done": true
  },
  "securitycraft:recipes/securitycraft/reinforced_purple_stained_glass_pane_from_glass": {
    "criteria": {
      "has_glass": "2024-10-31 03:41:40 +0000"
    },
    "done": true
  },
  "securitycraft:recipes/securitycraft/crystal_quartz_item": {
    "criteria": {
      "has_prismarine_crystals": "2024-11-06 23:11:09 +0000"
    },
    "done": true
  },
  "minecraft:recipes/building_blocks/oak_stairs": {
    "criteria": {
      "has_planks": "2024-11-08 03:11:20 +0000"
    },
    "done": true
  },
  "minecraft:recipes/building_blocks/polished_diorite_slab": {
    "criteria": {
      "has_polished_diorite": "2024-11-08 15:48:55 +0000"
    },
    "done": true
  },
  "minecraft:recipes/transportation/acacia_boat": {
    "criteria": {
      "in_water": "2024-10-31 02:47:37 +0000"
    },
    "done": true
  },
  "createdeco:recipes/createdeco.metals/iron_sheet_slab_from_iron_sheet_metal_stonecutting": {
    "criteria": {
      "has_iron_sheet_metal": "2024-10-31 03:01:36 +0000"
    },
    "done": true
  },
  "minecraft:recipes/redstone/iron_trapdoor": {
    "criteria": {
      "has_iron_ingot": "2024-11-07 20:03:10 +0000"
    },
    "done": true
  },
  "biomesoplenty:recipes/redstone/fir_trapdoor": {
    "criteria": {
      "has_planks": "2024-10-31 03:22:32 +0000"
    },
    "done": true
  },
  "sophisticatedbackpacks:recipes/sophisticatedbackpacks/auto_blasting_upgrade_from_auto_smelting_upgrade": {
    "criteria": {
      "has_auto_smelting_upgrade": "2024-10-31 02:47:26 +0000"
    },
    "done": true
  },
  "valhelsia_structures:recipes/valhelsia_structures_main/metal_framed_glass": {
    "criteria": {
      "has_item": "2024-10-31 03:41:40 +0000"
    },
    "done": true
  },
  "minecraft:adventure/root": {
    "criteria": {
      "killed_something": "2024-11-06 21:46:57 +0000"
    },
    "done": true
  },
  "securitycraft:recipes/securitycraft/reinforced_magenta_stained_glass_pane_from_glass": {
    "criteria": {
      "has_glass": "2024-10-31 03:41:40 +0000"
    },
    "done": true
  },
  "additionalguns:recipes/additionalguns/m1911": {
    "criteria": {
      "has_iron_ingot": "2024-11-07 20:03:10 +0000"
    },
    "done": true
  },
  "additionalguns:recipes/additionalguns/ak74m": {
    "criteria": {
      "has_iron_ingot": "2024-11-07 20:03:10 +0000"
    },
    "done": true
  },
  "mcwfurnituresbop:recipes/dead": {
    "criteria": {
      "has_wood": "2024-10-31 02:47:26 +0000"
    },
    "done": true
  },
  "securitycraft:recipes/securitycraft/storage_module": {
    "criteria": {
      "has_iron": "2024-11-07 20:03:10 +0000"
    },
    "done": true
  },
  "createdeco:recipes/createdeco.metals/netherite_sheet_slab_vert": {
    "criteria": {
      "has_item": "2024-10-31 03:01:44 +0000"
    },
    "done": true
  },
  "create:recipes/create.base/crafting/kinetics/black_seat": {
    "criteria": {
      "has_wool": "2024-10-31 03:34:30 +0000"
    },
    "done": true
  },
  "minecraft:recipes/building_blocks/white_concrete_powder": {
    "criteria": {
      "has_gravel": "2024-10-31 02:47:36 +0000"
    },
    "done": true
  },
  "minecraft:recipes/building_blocks/stone_brick_stairs_from_stone_stonecutting": {
    "criteria": {
      "has_stone": "2024-10-31 03:19:45 +0000"
    },
    "done": true
  },
  "minecraft:recipes/building_blocks/white_wool_from_string": {
    "criteria": {
      "has_string": "2024-11-07 21:08:07 +0000"
    },
    "done": true
  },
  "minecraft:recipes/tools/diamond_pickaxe": {
    "criteria": {
      "has_diamond": "2024-11-07 20:03:14 +0000"
    },
    "done": true
  },
  "minecraft:adventure/kill_all_mobs": {
    "criteria": {
      "minecraft:skeleton": "2024-11-06 22:49:50 +0000",
      "minecraft:spider": "2024-11-07 21:07:14 +0000",
      "minecraft:creeper": "2024-11-06 21:46:57 +0000",
      "minecraft:zombie": "2024-11-06 22:52:22 +0000"
    },
    "done": false
  },
  "minecraft:recipes/decorations/orange_bed": {
    "criteria": {
      "has_orange_wool": "2024-10-31 03:34:30 +0000"
    },
    "done": true
  },
  "minecraft:recipes/building_blocks/lime_stained_glass": {
    "criteria": {
      "has_glass": "2024-10-31 03:41:40 +0000"
    },
    "done": true
  },
  "additionalguns:recipes/additionalguns/9a91": {
    "criteria": {
      "has_sponge": "2024-11-06 22:40:54 +0000"
    },
    "done": true
  },
  "securitycraft:recipes/securitycraft/reinforced_cyan_stained_glass_pane_from_dye": {
    "criteria": {
      "has_glass": "2024-10-31 03:41:40 +0000"
    },
    "done": true
  },
  "minecraft:recipes/redstone/dark_oak_fence_gate": {
    "criteria": {
      "has_planks": "2024-11-07 20:35:49 +0000"
    },
    "done": true
  },
  "chisel:recipes/chisel/factory/dots": {
    "criteria": {
      "has_iron": "2024-11-07 20:03:10 +0000"
    },
    "done": true
  },
  "cgm:recipes/cgm/tactical_stock": {
    "criteria": {
      "has_iron_ingot": "2024-11-07 20:49:43 +0000"
    },
    "done": true
  },
  "additionalguns:recipes/additionalguns/angled_grip": {
    "criteria": {
      "has_iron_ingot": "2024-11-07 20:03:10 +0000"
    },
    "done": true
  },
  "minecraft:recipes/building_blocks/polished_diorite_stairs_from_polished_diorite_stonecutting": {
    "criteria": {
      "has_polished_diorite": "2024-11-08 15:48:55 +0000"
    },
    "done": true
  },
  "chisel:recipes/chisel/iron_chisel": {
    "criteria": {
      "has_iron": "2024-11-07 20:03:10 +0000"
    },
    "done": true
  },
  "minecraft:recipes/decorations/granite_wall_from_granite_stonecutting": {
    "criteria": {
      "has_granite": "2024-10-31 03:45:56 +0000"
    },
    "done": true
  },
  "cgm:recipes/cgm/stun_grenade": {
    "criteria": {
      "has_gunpowder": "2024-11-06 21:47:03 +0000"
    },
    "done": true
  },
  "minecraft:recipes/decorations/chain": {
    "criteria": {
      "has_iron_ingot": "2024-11-07 20:03:10 +0000"
    },
    "done": true
  },
  "minecraft:recipes/building_blocks/polished_diorite_stairs": {
    "criteria": {
      "has_polished_diorite": "2024-11-08 15:48:55 +0000"
    },
    "done": true
  },
  "mcwfurnitures:recipes/acacia": {
    "criteria": {
      "has_wood": "2024-10-31 02:47:26 +0000"
    },
    "done": true
  },
  "additionalguns:recipes/additionalguns/g11": {
    "criteria": {
      "has_iron_ingot": "2024-11-07 20:03:10 +0000"
    },
    "done": true
  },
  "minecraft:recipes/decorations/oak_fence": {
    "criteria": {
      "has_planks": "2024-11-08 03:11:20 +0000"
    },
    "done": true
  },
  "securitycraft:recipes/securitycraft/reinforced_light_gray_stained_glass_pane_from_glass": {
    "criteria": {
      "has_glass": "2024-10-31 03:41:40 +0000"
    },
    "done": true
  },
  "securitycraft:recipes/securitycraft/reinforced_yellow_stained_glass_pane_from_glass": {
    "criteria": {
      "has_glass": "2024-10-31 03:41:40 +0000"
    },
    "done": true
  },
  "minecraft:recipes/building_blocks/light_blue_stained_glass": {
    "criteria": {
      "has_glass": "2024-10-31 03:41:40 +0000"
    },
    "done": true
  },
  "minecraft:recipes/building_blocks/orange_concrete_powder": {
    "criteria": {
      "has_gravel": "2024-10-31 02:47:36 +0000"
    },
    "done": true
  },
  "minecraft:recipes/building_blocks/oak_slab": {
    "criteria": {
      "has_planks": "2024-11-08 03:11:20 +0000"
    },
    "done": true
  },
  "create:recipes/create.palettes/paved_diorite_slab": {
    "criteria": {
      "has_paved_diorite": "2024-10-31 02:51:18 +0000"
    },
    "done": true
  },
  "cgm:recipes/cgm/mini_gun": {
    "criteria": {
      "has_iron_ingot": "2024-11-07 20:03:10 +0000"
    },
    "done": true
  },
  "create:recipes/create.base/crafting/kinetics/red_seat": {
    "criteria": {
      "has_wool": "2024-10-31 03:34:30 +0000"
    },
    "done": true
  },
  "additionalguns:recipes/additionalguns/casing_small": {
    "criteria": {
      "has_iron_nugget": "2024-11-07 20:49:43 +0000"
    },
    "done": true
  },
  "securitycraft:recipes/securitycraft/reinforced_gray_stained_glass": {
    "criteria": {
      "has_glass": "2024-10-31 03:41:40 +0000"
    },
    "done": true
  },
  "additionalguns:recipes/additionalguns/casing_short": {
    "criteria": {
      "has_iron_nugget": "2024-11-07 20:49:43 +0000"
    },
    "done": true
  },
  "create:recipes/create.palettes/diorite_cobblestone_from_diorite_stonecutting": {
    "criteria": {
      "has_diorite": "2024-11-08 15:48:54 +0000"
    },
    "done": true
  },
  "minecraft:recipes/building_blocks/granite_stairs": {
    "criteria": {
      "has_granite": "2024-10-31 03:45:56 +0000"
    },
    "done": true
  },
  "createdeco:recipes/createdeco.metals/netherite_sheet_slab_vert_from_netherite_sheet_metal_stonecutting": {
    "criteria": {
      "has_netherite_sheet_metal": "2024-10-31 03:01:44 +0000"
    },
    "done": true
  },
  "undead:undeadto": {
    "criteria": {
      "undeadto": "2024-10-31 02:43:53 +0000"
    },
    "done": true
  },
  "securitycraft:recipes/securitycraft/secret_warped_sign_item": {
    "criteria": {
      "has_sign": "2024-11-08 15:43:40 +0000"
    },
    "done": true
  },
  "create:recipes/create.palettes/mossy_diorite_from_diorite_stonecutting": {
    "criteria": {
      "has_diorite": "2024-11-08 15:48:54 +0000"
    },
    "done": true
  },
  "chisel:recipes/chisel/tyrian/shining": {
    "criteria": {
      "has_iron": "2024-11-07 20:03:10 +0000"
    },
    "done": true
  },
  "minecraft:recipes/combat/golden_chestplate": {
    "criteria": {
      "has_gold_ingot": "2024-11-07 20:03:12 +0000"
    },
    "done": true
  },
  "biomesoplenty:recipes/transportation/umbran_boat": {
    "criteria": {
      "in_water": "2024-10-31 02:47:37 +0000"
    },
    "done": true
  },
  "biomesoplenty:recipes/redstone/fir_pressure_plate": {
    "criteria": {
      "has_planks": "2024-10-31 03:22:32 +0000"
    },
    "done": true
  },
  "minecraft:recipes/building_blocks/diorite_stairs_from_diorite_stonecutting": {
    "criteria": {
      "has_diorite": "2024-11-08 15:48:54 +0000"
    },
    "done": true
  },
  "minecraft:recipes/brewing/glass_bottle": {
    "criteria": {
      "has_glass": "2024-10-31 03:41:40 +0000"
    },
    "done": true
  },
  "createdeco:recipes/createdeco.metals/netherite_sheet_stairs_from_netherite_sheet_metal_stonecutting": {
    "criteria": {
      "has_netherite_sheet_metal": "2024-10-31 03:01:44 +0000"
    },
    "done": true
  },
  "valhelsia_structures:recipes/valhelsia_structures_main/brazier": {
    "criteria": {
      "has_item": "2024-11-07 20:03:16 +0000"
    },
    "done": true
  },
  "createdeco:recipes/createdeco.metals/iron_sheet_slab": {
    "criteria": {
      "has_iron_sheet_metal": "2024-10-31 03:01:36 +0000"
    },
    "done": true
  },
  "create:recipes/create.palettes/andesite_bricks_wall": {
    "criteria": {
      "has_andesite_bricks": "2024-10-31 03:50:38 +0000"
    },
    "done": true
  },
  "valhelsia_structures:recipes/valhelsia_structures_main/cut_dark_oak_post": {
    "criteria": {
      "has_item": "2024-10-31 03:36:59 +0000"
    },
    "done": true
  },
  "minecraft:nether/create_beacon": {
    "criteria": {
      "beacon": "2024-11-08 04:10:33 +0000"
    },
    "done": true
  },
  "minecraft:recipes/building_blocks/polished_diorite_slab_from_polished_diorite_stonecutting": {
    "criteria": {
      "has_polished_diorite": "2024-11-08 15:48:55 +0000"
    },
    "done": true
  },
  "minecraft:recipes/building_blocks/iron_block": {
    "criteria": {
      "has_iron_ingot": "2024-11-07 20:03:10 +0000"
    },
    "done": true
  },
  "securitycraft:recipes/securitycraft/reinforced_black_stained_glass_pane_from_glass": {
    "criteria": {
      "has_glass": "2024-10-31 03:41:40 +0000"
    },
    "done": true
  },
  "create:recipes/create.palettes/framed_glass_from_glass_colorless_stonecutting": {
    "criteria": {
      "has_glass_colorless": "2024-10-31 03:41:40 +0000"
    },
    "done": true
  },
  "minecraft:recipes/misc/red_dye_from_poppy": {
    "criteria": {
      "has_red_flower": "2024-11-06 21:19:28 +0000"
    },
    "done": true
  },
  "minecraft:recipes/building_blocks/green_stained_glass": {
    "criteria": {
      "has_glass": "2024-10-31 03:41:40 +0000"
    },
    "done": true
  },
  "create:recipes/create.base/crafting/materials/andesite_alloy": {
    "criteria": {
      "has_item": "2024-11-07 20:03:10 +0000"
    },
    "done": true
  },
  "additionalguns:recipes/additionalguns/basic_stock": {
    "criteria": {
      "has_iron_nugget": "2024-11-07 20:49:43 +0000"
    },
    "done": true
  },
  "minecraft:recipes/decorations/gray_banner": {
    "criteria": {
      "has_gray_wool": "2024-11-08 03:11:40 +0000"
    },
    "done": true
  },
  "minecraft:recipes/building_blocks/gray_concrete_powder": {
    "criteria": {
      "has_gravel": "2024-10-31 02:47:36 +0000"
    },
    "done": true
  },
  "undead:pinkyblob": {
    "criteria": {
      "pinkyblob": "2024-11-06 23:31:02 +0000"
    },
    "done": true
  },
  "additionalguns:recipes/additionalguns/sniper_muzzle_brake": {
    "criteria": {
      "has_iron_nugget": "2024-11-07 20:49:43 +0000"
    },
    "done": true
  },
  "create:recipes/create.base/crafting/kinetics/cyan_seat": {
    "criteria": {
      "has_wool": "2024-10-31 03:34:30 +0000"
    },
    "done": true
  },
  "mcwfurnitures:recipes/oak": {
    "criteria": {
      "has_wood": "2024-10-31 02:47:26 +0000"
    },
    "done": true
  },
  "securitycraft:recipes/securitycraft/smart_module": {
    "criteria": {
      "has_iron": "2024-11-07 20:03:10 +0000"
    },
    "done": true
  },
  "cgm:recipes/cgm/assault_rifle": {
    "criteria": {
      "has_iron_ingot": "2024-11-07 20:03:10 +0000"
    },
    "done": true
  },
  "minecraft:recipes/tools/golden_axe": {
    "criteria": {
      "has_gold_ingot": "2024-11-07 20:03:12 +0000"
    },
    "done": true
  },
  "securitycraft:recipes/securitycraft/block_change_detector": {
    "criteria": {
      "has_iron": "2024-11-07 20:03:10 +0000"
    },
    "done": true
  },
  "minecraft:recipes/tools/iron_axe": {
    "criteria": {
      "has_iron_ingot": "2024-11-07 20:03:10 +0000"
    },
    "done": true
  },
  "cgm:recipes/cgm/basic_bullet": {
    "criteria": {
      "has_gunpowder": "2024-11-06 21:47:03 +0000"
    },
    "done": true
  },
  "minecraft:recipes/building_blocks/sea_lantern": {
    "criteria": {
      "has_prismarine_crystals": "2024-11-06 23:11:09 +0000"
    },
    "done": true
  },
  "sophisticatedbackpacks:recipes/sophisticatedbackpacks/blasting_upgrade_from_smelting_upgrade": {
    "criteria": {
      "has_smelting_upgrade": "2024-10-31 02:47:26 +0000"
    },
    "done": true
  },
  "undead:slimeyy": {
    "criteria": {
      "slimeyy": "2024-11-06 23:33:37 +0000"
    },
    "done": true
  },
  "minecraft:recipes/decorations/gray_carpet": {
    "criteria": {
      "has_gray_wool": "2024-11-08 03:11:40 +0000"
    },
    "done": true
  },
  "minecraft:recipes/redstone/tripwire_hook": {
    "criteria": {
      "has_string": "2024-11-07 21:08:07 +0000"
    },
    "done": true
  },
  "minecraft:recipes/combat/iron_boots": {
    "criteria": {
      "has_iron_ingot": "2024-11-07 20:03:10 +0000"
    },
    "done": true
  },
  "minecraft:recipes/misc/bone_meal": {
    "criteria": {
      "has_bone": "2024-10-31 03:20:28 +0000"
    },
    "done": true
  },
  "create:recipes/create.palettes/granite_pillar": {
    "criteria": {
      "has_granite": "2024-10-31 03:45:56 +0000"
    },
    "done": true
  },
  "minecraft:recipes/building_blocks/black_concrete_powder": {
    "criteria": {
      "has_gravel": "2024-10-31 02:47:36 +0000"
    },
    "done": true
  },
  "additionalguns:recipes/additionalguns/bullet_short": {
    "criteria": {
      "has_gunpowder": "2024-11-06 21:47:03 +0000"
    },
    "done": true
  },
  "minecraft:recipes/decorations/orange_banner": {
    "criteria": {
      "has_orange_wool": "2024-10-31 03:34:30 +0000"
    },
    "done": true
  },
  "create:recipes/create.palettes/andesite_bricks_stairs_from_andesite_bricks_stonecutting": {
    "criteria": {
      "has_andesite_bricks": "2024-10-31 03:50:38 +0000"
    },
    "done": true
  },
  "minecraft:recipes/redstone/stone_button": {
    "criteria": {
      "has_stone": "2024-10-31 03:19:45 +0000"
    },
    "done": true
  },
  "minecraft:recipes/combat/crossbow": {
    "criteria": {
      "has_iron_ingot": "2024-11-07 20:03:10 +0000"
    },
    "done": true
  },
  "minecraft:recipes/combat/iron_chestplate": {
    "criteria": {
      "has_iron_ingot": "2024-11-07 20:03:10 +0000"
    },
    "done": true
  },
  "minecraft:recipes/redstone/spruce_pressure_plate": {
    "criteria": {
      "has_planks": "2024-11-07 20:35:47 +0000"
    },
    "done": true
  },
  "minecraft:recipes/redstone/dark_oak_trapdoor": {
    "criteria": {
      "has_planks": "2024-11-07 20:35:49 +0000"
    },
    "done": true
  },
  "minecraft:recipes/decorations/oak_sign": {
    "criteria": {
      "has_oak_planks": "2024-11-08 03:11:20 +0000"
    },
    "done": true
  },
  "minecraft:recipes/redstone/oak_trapdoor": {
    "criteria": {
      "has_planks": "2024-11-08 03:11:20 +0000"
    },
    "done": true
  },
  "minecraft:recipes/building_blocks/granite_stairs_from_granite_stonecutting": {
    "criteria": {
      "has_granite": "2024-10-31 03:45:56 +0000"
    },
    "done": true
  },
  "create:recipes/create.base/crafting/appliances/tree_fertilizer": {
    "criteria": {
      "has_item": "2024-11-06 21:17:42 +0000"
    },
    "done": true
  },
  "minecraft:recipes/building_blocks/polished_diorite_from_diorite_stonecutting": {
    "criteria": {
      "has_diorite": "2024-11-08 15:48:54 +0000"
    },
    "done": true
  },
  "additionalguns:recipes/additionalguns/python": {
    "criteria": {
      "has_planks": "2024-10-31 03:22:32 +0000"
    },
    "done": true
  },
  "create:recipes/create.base/crafting/kinetics/empty_blaze_burner": {
    "criteria": {
      "has_item": "2024-11-07 20:03:10 +0000"
    },
    "done": true
  },
  "minecraft:recipes/building_blocks/red_concrete_powder": {
    "criteria": {
      "has_gravel": "2024-10-31 02:47:36 +0000"
    },
    "done": true
  },
  "create:recipes/create.palettes/spruce_window": {
    "criteria": {
      "has_ingredient": "2024-11-07 20:35:47 +0000"
    },
    "done": true
  },
  "securitycraft:recipes/securitycraft/reinforced_blue_stained_glass": {
    "criteria": {
      "has_glass": "2024-10-31 03:41:40 +0000"
    },
    "done": true
  },
  "securitycraft:recipes/securitycraft/reinforced_diorite": {
    "criteria": {
      "has_cobblestone": "2024-11-07 18:51:10 +0000"
    },
    "done": true
  },
  "securitycraft:recipes/securitycraft/reinforced_brown_stained_glass": {
    "criteria": {
      "has_glass": "2024-10-31 03:41:40 +0000"
    },
    "done": true
  },
  "securitycraft:recipes/securitycraft/trophy_system": {
    "criteria": {
      "has_iron": "2024-11-07 20:03:10 +0000"
    },
    "done": true
  },
  "minecraft:adventure/kill_a_mob": {
    "criteria": {
      "minecraft:creeper": "2024-11-06 21:46:57 +0000"
    },
    "done": true
  },
  "securitycraft:recipes/securitycraft/camera_monitor": {
    "criteria": {
      "has_iron": "2024-11-07 20:03:10 +0000"
    },
    "done": true
  },
  "minecraft:recipes/tools/golden_pickaxe": {
    "criteria": {
      "has_gold_ingot": "2024-11-07 20:03:12 +0000"
    },
    "done": true
  },
  "securitycraft:recipes/securitycraft/reinforced_orange_stained_glass_pane_from_dye": {
    "criteria": {
      "has_glass": "2024-10-31 03:41:40 +0000"
    },
    "done": true
  },
  "minecraft:recipes/decorations/diorite_wall": {
    "criteria": {
      "has_diorite": "2024-11-08 15:48:54 +0000"
    },
    "done": true
  },
  "securitycraft:recipes/securitycraft/limited_use_keycard": {
    "criteria": {
      "has_iron": "2024-11-07 20:03:10 +0000"
    },
    "done": true
  },
  "mcwfurnitures:recipes/crimson": {
    "criteria": {
      "has_wood": "2024-10-31 02:47:26 +0000"
    },
    "done": true
  },
  "create:recipes/create.palettes/overgrown_diorite_from_diorite_stonecutting": {
    "criteria": {
      "has_diorite": "2024-11-08 15:48:54 +0000"
    },
    "done": true
  },
  "minecraft:recipes/building_blocks/stone": {
    "criteria": {
      "has_cobblestone": "2024-11-07 18:51:10 +0000"
    },
    "done": true
  },
  "biomesoplenty:recipes/transportation/hellbark_boat": {
    "criteria": {
      "in_water": "2024-10-31 02:47:37 +0000"
    },
    "done": true
  },
  "minecraft:recipes/valhelsia_structures_main/bone_pile_block_from_bone_piles": {
    "criteria": {
      "has_item": "2024-11-06 22:16:51 +0000"
    },
    "done": true
  },
  "minecraft:recipes/decorations/stonecutter": {
    "criteria": {
      "has_stone": "2024-10-31 03:19:45 +0000"
    },
    "done": true
  },
  "cgm:recipes/cgm/missile": {
    "criteria": {
      "has_gunpowder": "2024-11-06 21:47:03 +0000"
    },
    "done": true
  },
  "minecraft:adventure/adventuring_time": {
    "criteria": {
      "minecraft:cold_ocean": "2024-10-31 02:47:44 +0000",
      "minecraft:taiga": "2024-10-31 02:46:13 +0000",
      "minecraft:deep_cold_ocean": "2024-10-31 03:06:09 +0000",
      "minecraft:beach": "2024-11-06 20:59:13 +0000",
      "minecraft:river": "2024-10-31 02:57:25 +0000",
      "minecraft:plains": "2024-11-06 20:58:56 +0000"
    },
    "done": false
  },
  "create:recipes/create.palettes/diorite_bricks_slab_from_diorite_bricks_stonecutting": {
    "criteria": {
      "has_diorite_bricks": "2024-10-31 02:51:19 +0000"
    },
    "done": true
  },
  "create:recipes/create.palettes/andesite_bricks_wall_from_andesite_bricks_stonecutting": {
    "criteria": {
      "has_andesite_bricks": "2024-10-31 03:50:38 +0000"
    },
    "done": true
  },
  "create:recipes/create.palettes/paved_diorite_from_diorite_stonecutting": {
    "criteria": {
      "has_diorite": "2024-11-08 15:48:54 +0000"
    },
    "done": true
  },
  "securitycraft:recipes/securitycraft/whitelist_module": {
    "criteria": {
      "has_iron": "2024-11-07 20:03:10 +0000"
    },
    "done": true
  },
  "biomesoplenty:recipes/redstone/cherry_trapdoor": {
    "criteria": {
      "has_planks": "2024-11-06 22:06:42 +0000"
    },
    "done": true
  },
  "minecraft:recipes/combat/stone_sword": {
    "criteria": {
      "has_cobblestone": "2024-11-07 18:51:10 +0000"
    },
    "done": true
  },
  "minecraft:recipes/decorations/barrel": {
    "criteria": {
      "has_planks": "2024-10-31 03:22:32 +0000"
    },
    "done": true
  },
  "minecraft:recipes/decorations/cobblestone_wall": {
    "criteria": {
      "has_cobblestone": "2024-11-07 18:51:10 +0000"
    },
    "done": true
  },
  "cgm:recipes/cgm/grenade_launcher": {
    "criteria": {
      "has_iron_ingot": "2024-11-07 20:03:10 +0000"
    },
    "done": true
  },
  "minecraft:recipes/tools/stone_pickaxe": {
    "criteria": {
      "has_cobblestone": "2024-11-07 18:51:10 +0000"
    },
    "done": true
  },
  "minecraft:recipes/decorations/smithing_table": {
    "criteria": {
      "has_iron_ingot": "2024-11-07 20:03:10 +0000"
    },
    "done": true
  },
  "create:recipes/create.palettes/granite_cobblestone_from_granite_stonecutting": {
    "criteria": {
      "has_granite": "2024-10-31 03:45:56 +0000"
    },
    "done": true
  },
  "minecraft:recipes/redstone/stone_pressure_plate": {
    "criteria": {
      "has_stone": "2024-10-31 03:19:45 +0000"
    },
    "done": true
  },
  "minecraft:recipes/building_blocks/brown_stained_glass": {
    "criteria": {
      "has_glass": "2024-10-31 03:41:40 +0000"
    },
    "done": true
  },
  "additionalguns:recipes/additionalguns/usas12": {
    "criteria": {
      "has_iron_ingot": "2024-11-07 20:03:10 +0000"
    },
    "done": true
  },
  "cgm:recipes/cgm/light_grip": {
    "criteria": {
      "has_iron_ingot": "2024-11-07 20:49:43 +0000"
    },
    "done": true
  },
  "minecraft:recipes/misc/red_dye_from_tulip": {
    "criteria": {
      "has_red_flower": "2024-11-06 21:16:56 +0000"
    },
    "done": true
  },
  "undead:seafood": {
    "criteria": {
      "seafood": "2024-11-06 23:31:24 +0000"
    },
    "done": true
  },
  "minecraft:recipes/decorations/cobblestone_wall_from_cobblestone_stonecutting": {
    "criteria": {
      "has_cobblestone": "2024-11-07 18:51:10 +0000"
    },
    "done": true
  },
  "securitycraft:recipes/securitycraft/reinforced_magenta_stained_glass_pane_from_dye": {
    "criteria": {
      "has_glass": "2024-10-31 03:41:40 +0000"
    },
    "done": true
  },
  "minecraft:recipes/building_blocks/light_gray_stained_glass": {
    "criteria": {
      "has_glass": "2024-10-31 03:41:40 +0000"
    },
    "done": true
  },
  "additionalguns:recipes/additionalguns/casing_medium": {
    "criteria": {
      "has_iron_nugget": "2024-11-07 20:49:43 +0000"
    },
    "done": true
  },
  "minecraft:recipes/building_blocks/diamond_block": {
    "criteria": {
      "has_diamond": "2024-11-07 20:03:14 +0000"
    },
    "done": true
  },
  "create:recipes/create.palettes/fancy_granite_bricks_from_granite_stonecutting": {
    "criteria": {
      "has_granite": "2024-10-31 03:45:56 +0000"
    },
    "done": true
  },
  "biomesoplenty:recipes/redstone/cherry_fence_gate": {
    "criteria": {
      "has_planks": "2024-11-06 22:06:42 +0000"
    },
    "done": true
  },
  "cgm:recipes/cgm/heavy_rifle": {
    "criteria": {
      "has_iron_ingot": "2024-11-07 20:03:10 +0000"
    },
    "done": true
  },
  "minecraft:recipes/decorations/red_stained_glass_pane": {
    "criteria": {
      "has_glass": "2024-11-08 04:10:40 +0000"
    },
    "done": true
  },
  "additionalguns:recipes/additionalguns/tactical_muzzle_brake": {
    "criteria": {
      "has_iron_ingot": "2024-11-07 20:03:10 +0000"
    },
    "done": true
  },
  "additionalguns:recipes/additionalguns/ravens_claw": {
    "criteria": {
      "has_iron_ingot": "2024-11-07 20:03:10 +0000"
    },
    "done": true
  },
  "createdeco:recipes/createdeco.metals/iron_sheet_slab_vert": {
    "criteria": {
      "has_item": "2024-10-31 03:01:36 +0000"
    },
    "done": true
  },
  "create:recipes/create.base/crafting/kinetics/white_seat": {
    "criteria": {
      "has_wool": "2024-10-31 03:34:30 +0000"
    },
    "done": true
  },
  "additionalguns:recipes/additionalguns/pp_19": {
    "criteria": {
      "has_iron_ingot": "2024-11-07 20:03:10 +0000"
    },
    "done": true
  },
  "sophisticatedbackpacks:recipes/sophisticatedbackpacks/auto_blasting_upgrade": {
    "criteria": {
      "has_blasting_upgrade": "2024-10-31 02:47:26 +0000"
    },
    "done": true
  },
  "minecraft:recipes/decorations/lantern": {
    "criteria": {
      "has_iron_ingot": "2024-11-07 20:03:10 +0000"
    },
    "done": true
  },
  "minecraft:recipes/misc/stick_from_bamboo_item": {
    "criteria": {
      "has_bamboo": "2024-11-07 18:51:47 +0000"
    },
    "done": true
  },
  "biomesoplenty:recipes/transportation/jacaranda_boat": {
    "criteria": {
      "in_water": "2024-10-31 02:47:37 +0000"
    },
    "done": true
  },
  "additionalguns:recipes/additionalguns/bullet_small": {
    "criteria": {
      "has_gunpowder": "2024-11-06 21:47:03 +0000"
    },
    "done": true
  },
  "biomesoplenty:recipes/redstone/cherry_pressure_plate": {
    "criteria": {
      "has_planks": "2024-11-06 22:06:42 +0000"
    },
    "done": true
  },
  "mcwdoors:recipes/bamboo": {
    "criteria": {
      "has_wood": "2024-10-31 02:47:26 +0000"
    },
    "done": true
  },
  "securitycraft:recipes/securitycraft/reinforced_pink_stained_glass_pane_from_glass": {
    "criteria": {
      "has_glass": "2024-10-31 03:41:40 +0000"
    },
    "done": true
  },
  "additionalguns:recipes/additionalguns/bullet_special": {
    "criteria": {
      "has_gunpowder": "2024-11-06 21:47:03 +0000"
    },
    "done": true
  },
  "minecraft:recipes/building_blocks/polished_diorite": {
    "criteria": {
      "has_stone": "2024-11-08 15:48:54 +0000"
    },
    "done": true
  },
  "mcwdoors:recipes/birch": {
    "criteria": {
      "has_wood": "2024-10-31 02:47:26 +0000"
    },
    "done": true
  },
  "securitycraft:recipes/securitycraft/reinforced_lime_stained_glass_pane_from_glass": {
    "criteria": {
      "has_glass": "2024-10-31 03:41:40 +0000"
    },
    "done": true
  },
  "mcwfurnituresbop:recipes/willow": {
    "criteria": {
      "has_wood": "2024-10-31 02:47:26 +0000"
    },
    "done": true
  },
  "minecraft:recipes/tools/stone_axe": {
    "criteria": {
      "has_cobblestone": "2024-11-07 18:51:10 +0000"
    },
    "done": true
  },
  "securitycraft:recipes/securitycraft/reinforced_cyan_stained_glass_pane_from_glass": {
    "criteria": {
      "has_glass": "2024-10-31 03:41:40 +0000"
    },
    "done": true
  },
  "createdeco:recipes/createdeco.bricks/cracked_dusk_bricks_wall": {
    "criteria": {
      "has_cracked_dusk_bricks": "2024-11-06 23:26:51 +0000"
    },
    "done": true
  },
  "securitycraft:recipes/securitycraft/disguise_module": {
    "criteria": {
      "has_iron": "2024-11-07 20:03:10 +0000"
    },
    "done": true
  },
  "additionalguns:recipes/additionalguns/ak104": {
    "criteria": {
      "has_iron_ingot": "2024-11-07 20:03:10 +0000"
    },
    "done": true
  },
  "additionalguns:recipes/additionalguns/ak105": {
    "criteria": {
      "has_iron_ingot": "2024-11-07 20:03:10 +0000"
    },
    "done": true
  },
  "create:recipes/create.palettes/smelting/gabbro": {
    "criteria": {
      "has_item": "2024-10-31 03:45:56 +0000"
    },
    "done": true
  },
  "createdeco:recipes/createdeco.metals/iron_sheet_stairs": {
    "criteria": {
      "has_iron_sheet_metal": "2024-10-31 03:01:36 +0000"
    },
    "done": true
  },
  "biomesoplenty:recipes/decorations/cherry_fence": {
    "criteria": {
      "has_planks": "2024-11-06 22:06:42 +0000"
    },
    "done": true
  },
  "minecraft:recipes/food/rabbit_stew_from_brown_mushroom": {
    "criteria": {
      "has_cooked_rabbit": "2024-11-07 20:46:22 +0000"
    },
    "done": true
  },
  "minecraft:recipes/building_blocks/cobblestone_stairs_from_cobblestone_stonecutting": {
    "criteria": {
      "has_cobblestone": "2024-11-07 18:51:10 +0000"
    },
    "done": true
  },
  "minecraft:recipes/building_blocks/magenta_concrete_powder": {
    "criteria": {
      "has_gravel": "2024-10-31 02:47:36 +0000"
    },
    "done": true
  },
  "create:recipes/create.base/crafting/kinetics/blue_seat": {
    "criteria": {
      "has_wool": "2024-10-31 03:34:30 +0000"
    },
    "done": true
  },
  "create:recipes/create.palettes/horizontal_framed_glass_from_glass_colorless_stonecutting": {
    "criteria": {
      "has_glass_colorless": "2024-10-31 03:41:40 +0000"
    },
    "done": true
  },
  "additionalguns:recipes/additionalguns/akm_custom": {
    "criteria": {
      "has_iron_ingot": "2024-11-07 20:03:10 +0000"
    },
    "done": true
  },
  "undead:thisisntslime": {
    "criteria": {
      "thisisntslime": "2024-11-06 23:31:22 +0000"
    },
    "done": true
  },
  "biomesoplenty:recipes/transportation/willow_boat": {
    "criteria": {
      "in_water": "2024-10-31 02:47:37 +0000"
    },
    "done": true
  },
  "securitycraft:recipes/securitycraft/reinforced_green_stained_glass_pane_from_dye": {
    "criteria": {
      "has_glass": "2024-10-31 03:41:40 +0000"
    },
    "done": true
  },
  "minecraft:nether/root": {
    "criteria": {
      "entered_nether": "2024-10-31 03:44:20 +0000"
    },
    "done": true
  },
  "minecraft:recipes/food/rabbit_stew_from_red_mushroom": {
    "criteria": {
      "has_cooked_rabbit": "2024-11-07 20:46:22 +0000"
    },
    "done": true
  },
  "minecraft:recipes/decorations/campfire": {
    "criteria": {
      "has_coal": "2024-11-07 20:03:16 +0000"
    },
    "done": true
  },
  "minecraft:recipes/tools/golden_hoe": {
    "criteria": {
      "has_gold_ingot": "2024-11-07 20:03:12 +0000"
    },
    "done": true
  },
  "additionalguns:recipes/additionalguns/vintorez": {
    "criteria": {
      "has_sponge": "2024-11-06 22:40:54 +0000"
    },
    "done": true
  },
  "minecraft:recipes/building_blocks/diorite_slab_from_diorite_stonecutting": {
    "criteria": {
      "has_diorite": "2024-11-08 15:48:54 +0000"
    },
    "done": true
  },
  "minecraft:recipes/building_blocks/smooth_stone": {
    "criteria": {
      "has_stone": "2024-10-31 03:19:45 +0000"
    },
    "done": true
  },
  "biomesoplenty:recipes/transportation/mahogany_boat": {
    "criteria": {
      "in_water": "2024-10-31 02:47:37 +0000"
    },
    "done": true
  },
  "mcwfurnituresbop:recipes/cherry": {
    "criteria": {
      "has_wood": "2024-10-31 02:47:26 +0000"
    },
    "done": true
  },
  "securitycraft:recipes/securitycraft/reinforced_light_blue_stained_glass_pane_from_dye": {
    "criteria": {
      "has_glass": "2024-10-31 03:41:40 +0000"
    },
    "done": true
  },
  "minecraft:recipes/misc/iron_nugget": {
    "criteria": {
      "has_iron_ingot": "2024-11-07 20:03:10 +0000"
    },
    "done": true
  },
  "additionalguns:recipes/additionalguns/vintorez_stock": {
    "criteria": {
      "has_iron_nugget": "2024-11-07 20:49:43 +0000"
    },
    "done": true
  },
  "minecraft:recipes/building_blocks/brown_concrete_powder": {
    "criteria": {
      "has_gravel": "2024-10-31 02:47:36 +0000"
    },
    "done": true
  },
  "minecraft:recipes/building_blocks/stone_slab_from_stone_stonecutting": {
    "criteria": {
      "has_stone": "2024-10-31 03:19:45 +0000"
    },
    "done": true
  },
  "securitycraft:recipes/securitycraft/reinforced_red_stained_glass_pane_from_glass": {
    "criteria": {
      "has_glass": "2024-10-31 03:41:40 +0000"
    },
    "done": true
  },
  "undead:uglesuitlol": {
    "criteria": {
      "uglesuitlol": "2024-11-06 23:33:37 +0000"
    },
    "done": true
  },
  "securitycraft:recipes/securitycraft/track_mine": {
    "criteria": {
      "has_iron": "2024-11-07 20:03:10 +0000"
    },
    "done": true
  },
  "createdeco:recipes/createdeco.metals/iron_sheet_slab_vert_from_iron_sheet_metal_stonecutting": {
    "criteria": {
      "has_iron_sheet_metal": "2024-10-31 03:01:36 +0000"
    },
    "done": true
  },
  "additionalguns:recipes/additionalguns/desert_eagle": {
    "criteria": {
      "has_iron_ingot": "2024-11-07 20:03:10 +0000"
    },
    "done": true
  },
  "cgm:recipes/cgm/advanced_bullet": {
    "criteria": {
      "has_gunpowder": "2024-11-06 21:47:03 +0000"
    },
    "done": true
  },
  "minecraft:recipes/combat/diamond_sword": {
    "criteria": {
      "has_diamond": "2024-11-07 20:03:14 +0000"
    },
    "done": true
  },
  "minecraft:recipes/building_blocks/blue_stained_glass": {
    "criteria": {
      "has_glass": "2024-10-31 03:41:40 +0000"
    },
    "done": true
  },
  "additionalguns:recipes/additionalguns/m16a2": {
    "criteria": {
      "has_iron_ingot": "2024-11-07 20:03:10 +0000"
    },
    "done": true
  },
  "biomesoplenty:recipes/transportation/dead_boat": {
    "criteria": {
      "in_water": "2024-10-31 02:47:37 +0000"
    },
    "done": true
  },
  "minecraft:recipes/misc/white_dye": {
    "criteria": {
      "has_bone_meal": "2024-11-06 21:17:42 +0000"
    },
    "done": true
  },
  "valhelsia_structures:recipes/valhelsia_structures_main/bone_pile": {
    "criteria": {
      "has_item": "2024-10-31 03:20:28 +0000"
    },
    "done": true
  },
  "minecraft:recipes/transportation/spruce_boat": {
    "criteria": {
      "in_water": "2024-10-31 02:47:37 +0000"
    },
    "done": true
  },
  "minecraft:recipes/decorations/jukebox": {
    "criteria": {
      "has_diamond": "2024-11-07 20:03:14 +0000"
    },
    "done": true
  },
  "mcwdoors:recipes/oak": {
    "criteria": {
      "has_wood": "2024-10-31 02:47:26 +0000"
    },
    "done": true
  },
  "securitycraft:recipes/securitycraft/blacklist_module": {
    "criteria": {
      "has_iron": "2024-11-07 20:03:10 +0000"
    },
    "done": true
  },
  "create:recipes/create.palettes/oak_window": {
    "criteria": {
      "has_ingredient": "2024-11-08 03:11:20 +0000"
    },
    "done": true
  },
  "minecraft:recipes/tools/flint_and_steel": {
    "criteria": {
      "has_obsidian": "2024-10-31 03:43:55 +0000"
    },
    "done": true
  },
  "securitycraft:recipes/securitycraft/speed_module": {
    "criteria": {
      "has_iron": "2024-11-07 20:03:10 +0000"
    },
    "done": true
  },
  "additionalguns:recipes/additionalguns/muzzle_brake": {
    "criteria": {
      "has_iron_ingot": "2024-11-07 20:03:10 +0000"
    },
    "done": true
  },
  "create:recipes/create.palettes/paved_diorite_stairs_from_paved_diorite_stonecutting": {
    "criteria": {
      "has_paved_diorite": "2024-10-31 02:51:18 +0000"
    },
    "done": true
  },
  "biomesoplenty:recipes/building_blocks/cherry_stairs": {
    "criteria": {
      "has_planks": "2024-11-06 22:06:42 +0000"
    },
    "done": true
  },
  "createdeco:recipes/createdeco.bricks/cracked_dusk_bricks_slab": {
    "criteria": {
      "has_cracked_dusk_bricks": "2024-11-06 23:26:51 +0000"
    },
    "done": true
  },
  "securitycraft:recipes/securitycraft/reinforced_blue_stained_glass_pane_from_dye": {
    "criteria": {
      "has_glass": "2024-10-31 03:41:40 +0000"
    },
    "done": true
  },
  "chisel:recipes/chisel/diamond_chisel": {
    "criteria": {
      "has_diamond": "2024-11-07 20:03:10 +0000"
    },
    "done": true
  },
  "securitycraft:recipes/securitycraft/harming_module": {
    "criteria": {
      "has_iron": "2024-11-07 20:03:10 +0000"
    },
    "done": true
  },
  "minecraft:recipes/building_blocks/polished_granite_from_granite_stonecutting": {
    "criteria": {
      "has_granite": "2024-10-31 03:45:56 +0000"
    },
    "done": true
  },
  "minecraft:recipes/misc/gold_nugget": {
    "criteria": {
      "has_gold_ingot": "2024-11-07 20:03:12 +0000"
    },
    "done": true
  },
  "additionalguns:recipes/additionalguns/scar": {
    "criteria": {
      "has_iron_ingot": "2024-11-07 20:03:10 +0000"
    },
    "done": true
  },
  "createdeco:recipes/createdeco.metals/iron_sheet_metal_from_iron_block_stonecutting": {
    "criteria": {
      "has_iron_block": "2024-11-08 04:10:20 +0000"
    },
    "done": true
  },
  "create:recipes/create.palettes/vertical_framed_glass_from_glass_colorless_stonecutting": {
    "criteria": {
      "has_glass_colorless": "2024-10-31 03:41:40 +0000"
    },
    "done": true
  },
  "minecraft:husbandry/balanced_diet": {
    "criteria": {
      "cooked_porkchop": "2024-11-08 15:41:46 +0000",
      "golden_apple": "2024-11-07 18:49:41 +0000"
    },
    "done": false
  },
  "create:recipes/create.palettes/paved_diorite_wall": {
    "criteria": {
      "has_paved_diorite": "2024-10-31 02:51:18 +0000"
    },
    "done": true
  },
  "mcwdoors:recipes/jungle": {
    "criteria": {
      "has_wood": "2024-10-31 02:47:26 +0000"
    },
    "done": true
  },
  "mcwdoors:recipes/acacia": {
    "criteria": {
      "has_wood": "2024-10-31 02:47:26 +0000"
    },
    "done": true
  },
  "securitycraft:recipes/securitycraft/reinforced_light_gray_stained_glass": {
    "criteria": {
      "has_glass": "2024-10-31 03:41:40 +0000"
    },
    "done": true
  },
  "create:recipes/create.palettes/diorite_pillar_from_diorite_stonecutting": {
    "criteria": {
      "has_diorite": "2024-11-08 15:48:54 +0000"
    },
    "done": true
  },
  "create:recipes/create.palettes/diorite_bricks_wall_from_diorite_bricks_stonecutting": {
    "criteria": {
      "has_diorite_bricks": "2024-10-31 02:51:19 +0000"
    },
    "done": true
  },
  "minecraft:recipes/misc/bucket": {
    "criteria": {
      "has_iron_ingot": "2024-11-07 20:03:10 +0000"
    },
    "done": true
  },
  "parcool:grant_parcool_guide": {
    "criteria": {
      "tick": "2024-11-08 02:47:11 +0000"
    },
    "done": true
  },
  "minecraft:recipes/building_blocks/cobblestone_stairs": {
    "criteria": {
      "has_cobblestone": "2024-11-07 18:51:10 +0000"
    },
    "done": true
  },
  "minecraft:recipes/building_blocks/diorite_slab": {
    "criteria": {
      "has_diorite": "2024-11-08 15:48:54 +0000"
    },
    "done": true
  },
  "biomesoplenty:recipes/building_blocks/cherry_slab": {
    "criteria": {
      "has_planks": "2024-11-06 22:06:42 +0000"
    },
    "done": true
  },
  "additionalguns:recipes/additionalguns/m1014": {
    "criteria": {
      "has_iron_ingot": "2024-11-07 20:03:10 +0000"
    },
    "done": true
  },
  "biomesoplenty:recipes/transportation/magic_boat": {
    "criteria": {
      "in_water": "2024-10-31 02:47:37 +0000"
    },
    "done": true
  },
  "securitycraft:recipes/securitycraft/reinforced_light_blue_stained_glass_pane_from_glass": {
    "criteria": {
      "has_glass": "2024-10-31 03:41:40 +0000"
    },
    "done": true
  },
  "create:recipes/create.palettes/paved_diorite_stairs": {
    "criteria": {
      "has_paved_diorite": "2024-10-31 02:51:18 +0000"
    },
    "done": true
  },
  "create:recipes/create.palettes/dark_oak_window_pane": {
    "criteria": {
      "has_ingredient": "2024-11-07 20:38:12 +0000"
    },
    "done": true
  },
  "biomesoplenty:recipes/decorations/fir_fence": {
    "criteria": {
      "has_planks": "2024-10-31 03:22:32 +0000"
    },
    "done": true
  },
  "minecraft:recipes/decorations/granite_wall": {
    "criteria": {
      "has_granite": "2024-10-31 03:45:56 +0000"
    },
    "done": true
  },
  "securitycraft:recipes/securitycraft/redstone_module": {
    "criteria": {
      "has_iron": "2024-11-07 20:03:10 +0000"
    },
    "done": true
  },
  "minecraft:recipes/building_blocks/light_blue_concrete_powder": {
    "criteria": {
      "has_gravel": "2024-10-31 02:47:36 +0000"
    },
    "done": true
  },
  "create:recipes/create.base/crafting/kinetics/purple_seat": {
    "criteria": {
      "has_wool": "2024-10-31 03:34:30 +0000"
    },
    "done": true
  },
  "minecraft:recipes/building_blocks/polished_diorite_slab_from_diorite_stonecutting": {
    "criteria": {
      "has_diorite": "2024-11-08 15:48:55 +0000"
    },
    "done": true
  },
  "biomesoplenty:recipes/building_blocks/fir_slab": {
    "criteria": {
      "has_planks": "2024-10-31 03:22:32 +0000"
    },
    "done": true
  },
  "createdeco:recipes/createdeco.props/netherite_coin": {
    "criteria": {
      "has_item": "2024-11-06 23:52:10 +0000"
    },
    "done": true
  },
  "cgm:recipes/cgm/machine_pistol": {
    "criteria": {
      "has_iron_ingot": "2024-11-07 20:03:10 +0000"
    },
    "done": true
  },
  "create:recipes/create.palettes/diorite_pillar": {
    "criteria": {
      "has_diorite": "2024-11-08 15:48:54 +0000"
    },
    "done": true
  },
  "createdeco:recipes/createdeco.bricks/cracked_dusk_bricks_stairs_from_cracked_dusk_bricks_stonecutting": {
    "criteria": {
      "has_cracked_dusk_bricks": "2024-11-06 23:26:51 +0000"
    },
    "done": true
  },
  "additionalguns:recipes/additionalguns/magnum": {
    "criteria": {
      "has_iron_ingot": "2024-11-07 20:03:10 +0000"
    },
    "done": true
  },
  "create:recipes/create.palettes/diorite_bricks_wall": {
    "criteria": {
      "has_diorite_bricks": "2024-10-31 02:51:19 +0000"
    },
    "done": true
  },
  "minecraft:recipes/combat/iron_helmet": {
    "criteria": {
      "has_iron_ingot": "2024-11-07 20:03:10 +0000"
    },
    "done": true
  },
  "minecraft:recipes/tools/golden_shovel": {
    "criteria": {
      "has_gold_ingot": "2024-11-07 20:03:12 +0000"
    },
    "done": true
  },
  "createdeco:recipes/createdeco.props/gold_coin": {
    "criteria": {
      "has_item": "2024-11-06 23:52:09 +0000"
    },
    "done": true
  },
  "additionalguns:recipes/additionalguns/mp7": {
    "criteria": {
      "has_iron_ingot": "2024-11-07 20:03:10 +0000"
    },
    "done": true
  },
  "minecraft:recipes/combat/bow": {
    "criteria": {
      "has_string": "2024-11-07 21:08:07 +0000"
    },
    "done": true
  },
  "minecraft:recipes/redstone/tnt": {
    "criteria": {
      "has_gunpowder": "2024-11-06 21:47:03 +0000"
    },
    "done": true
  },
  "minecraft:recipes/redstone/oak_fence_gate": {
    "criteria": {
      "has_planks": "2024-11-08 03:11:20 +0000"
    },
    "done": true
  },
  "minecraft:recipes/building_blocks/purple_concrete_powder": {
    "criteria": {
      "has_gravel": "2024-10-31 02:47:36 +0000"
    },
    "done": true
  },
  "create:recipes/create.palettes/overgrown_granite_from_granite_stonecutting": {
    "criteria": {
      "has_granite": "2024-10-31 03:45:56 +0000"
    },
    "done": true
  },
  "minecraft:recipes/decorations/diorite_wall_from_diorite_stonecutting": {
    "criteria": {
      "has_diorite": "2024-11-08 15:48:54 +0000"
    },
    "done": true
  },
  "create:recipes/create.palettes/andesite_bricks_slab": {
    "criteria": {
      "has_andesite_bricks": "2024-10-31 03:50:38 +0000"
    },
    "done": true
  },
  "create:recipes/create.palettes/diorite_bricks_stairs": {
    "criteria": {
      "has_diorite_bricks": "2024-10-31 02:51:19 +0000"
    },
    "done": true
  },
  "additionalguns:recipes/additionalguns/bullet_long": {
    "criteria": {
      "has_gunpowder": "2024-11-06 21:47:03 +0000"
    },
    "done": true
  },
  "minecraft:recipes/decorations/orange_carpet": {
    "criteria": {
      "has_orange_wool": "2024-10-31 03:34:30 +0000"
    },
    "done": true
  },
  "minecraft:recipes/combat/diamond_chestplate": {
    "criteria": {
      "has_diamond": "2024-11-07 20:03:14 +0000"
    },
    "done": true
  },
  "create:recipes/create.palettes/paved_diorite_wall_from_paved_diorite_stonecutting": {
    "criteria": {
      "has_paved_diorite": "2024-10-31 02:51:18 +0000"
    },
    "done": true
  },
  "minecraft:story/mine_stone": {
    "criteria": {
      "get_stone": "2024-11-07 18:51:10 +0000"
    },
    "done": true
  },
  "securitycraft:recipes/securitycraft/reinforced_green_stained_glass_pane_from_glass": {
    "criteria": {
      "has_glass": "2024-10-31 03:41:40 +0000"
    },
    "done": true
  },
  "biomesoplenty:recipes/redstone/cherry_door": {
    "criteria": {
      "has_planks": "2024-11-06 22:06:42 +0000"
    },
    "done": true
  },
  "minecraft:recipes/decorations/furnace": {
    "criteria": {
      "has_cobblestone": "2024-11-07 18:51:10 +0000"
    },
    "done": true
  },
  "minecraft:recipes/transportation/minecart": {
    "criteria": {
      "has_iron_ingot": "2024-11-07 20:03:10 +0000"
    },
    "done": true
  },
  "additionalguns:recipes/additionalguns/schwarzlose": {
    "criteria": {
      "has_iron_ingot": "2024-11-07 20:03:10 +0000"
    },
    "done": true
  },
  "additionalguns:recipes/additionalguns/awm": {
    "criteria": {
      "has_iron_ingot": "2024-11-07 20:03:10 +0000"
    },
    "done": true
  },
  "securitycraft:recipes/securitycraft/reinforced_gray_stained_glass_pane_from_glass": {
    "criteria": {
      "has_glass": "2024-10-31 03:41:40 +0000"
    },
    "done": true
  },
  "create:recipes/create.palettes/andesite_bricks_stairs": {
    "criteria": {
      "has_andesite_bricks": "2024-10-31 03:50:38 +0000"
    },
    "done": true
  },
  "minecraft:recipes/misc/charcoal": {
    "criteria": {
      "has_log": "2024-10-31 03:22:31 +0000"
    },
    "done": true
  },
  "cgm:recipes/cgm/long_scope": {
    "criteria": {
      "has_glass_pane": "2024-11-07 20:39:08 +0000"
    },
    "done": true
  },
  "minecraft:recipes/tools/iron_hoe": {
    "criteria": {
      "has_iron_ingot": "2024-11-07 20:03:10 +0000"
    },
    "done": true
  },
  "additionalguns:recipes/additionalguns/kobra": {
    "criteria": {
      "has_iron_nugget": "2024-11-07 20:49:43 +0000"
    },
    "done": true
  },
  "securitycraft:recipes/securitycraft/reinforced_gray_stained_glass_pane_from_dye": {
    "criteria": {
      "has_glass": "2024-10-31 03:41:40 +0000"
    },
    "done": true
  },
  "minecraft:husbandry/root": {
    "criteria": {
      "consumed_item": "2024-11-06 23:00:06 +0000"
    },
    "done": true
  },
  "biomesoplenty:recipes/building_blocks/fir_planks": {
    "criteria": {
      "has_logs": "2024-10-31 03:22:31 +0000"
    },
    "done": true
  },
  "undead:shootspit": {
    "criteria": {
      "shootspit": "2024-11-07 20:02:27 +0000"
    },
    "done": true
  },
  "minecraft:recipes/transportation/birch_boat": {
    "criteria": {
      "in_water": "2024-10-31 02:47:37 +0000"
    },
    "done": true
  },
  "minecraft:recipes/food/golden_apple": {
    "criteria": {
      "has_gold_ingot": "2024-11-07 20:03:12 +0000"
    },
    "done": true
  },
  "securitycraft:recipes/securitycraft/reinforced_brown_stained_glass_pane_from_dye": {
    "criteria": {
      "has_glass": "2024-10-31 03:41:40 +0000"
    },
    "done": true
  },
  "minecraft:recipes/building_blocks/polished_granite_slab_from_granite_stonecutting": {
    "criteria": {
      "has_granite": "2024-10-31 03:45:56 +0000"
    },
    "done": true
  },
  "minecraft:recipes/building_blocks/green_concrete_powder": {
    "criteria": {
      "has_gravel": "2024-10-31 02:47:36 +0000"
    },
    "done": true
  },
  "minecraft:recipes/decorations/enchanting_table": {
    "criteria": {
      "has_obsidian": "2024-10-31 03:43:55 +0000"
    },
    "done": true
  },
  "minecraft:recipes/tools/iron_shovel": {
    "criteria": {
      "has_iron_ingot": "2024-11-07 20:03:10 +0000"
    },
    "done": true
  },
  "minecraft:recipes/building_blocks/dark_oak_wood": {
    "criteria": {
      "has_log": "2024-11-07 20:35:56 +0000"
    },
    "done": true
  },
  "additionalguns:recipes/additionalguns/val": {
    "criteria": {
      "has_sponge": "2024-11-06 22:40:54 +0000"
    },
    "done": true
  },
  "minecraft:recipes/building_blocks/orange_stained_glass": {
    "criteria": {
      "has_glass": "2024-10-31 03:41:40 +0000"
    },
    "done": true
  },
  "additionalguns:recipes/additionalguns/zerkalo_scope": {
    "criteria": {
      "has_iron_nugget": "2024-11-07 20:49:43 +0000"
    },
    "done": true
  },
  "create:recipes/create.palettes/smelting/dolomite": {
    "criteria": {
      "has_item": "2024-11-08 15:48:54 +0000"
    },
    "done": true
  },
  "create:recipes/create.base/crafting/kinetics/brown_seat": {
    "criteria": {
      "has_wool": "2024-10-31 03:34:30 +0000"
    },
    "done": true
  },
  "additionalguns:recipes/additionalguns/aug": {
    "criteria": {
      "has_iron_ingot": "2024-11-07 20:03:10 +0000"
    },
    "done": true
  },
  "minecraft:recipes/tools/stone_hoe": {
    "criteria": {
      "has_cobblestone": "2024-11-07 18:51:10 +0000"
    },
    "done": true
  },
  "securitycraft:recipes/securitycraft/reinforced_yellow_stained_glass": {
    "criteria": {
      "has_glass": "2024-10-31 03:41:40 +0000"
    },
    "done": true
  },
  "minecraft:recipes/decorations/spruce_fence": {
    "criteria": {
      "has_planks": "2024-11-07 20:35:47 +0000"
    },
    "done": true
  },
  "minecraft:recipes/tools/diamond_hoe": {
    "criteria": {
      "has_diamond": "2024-11-07 20:03:14 +0000"
    },
    "done": true
  },
  "additionalguns:recipes/additionalguns/mac10": {
    "criteria": {
      "has_iron_ingot": "2024-11-07 20:03:10 +0000"
    },
    "done": true
  },
  "create:recipes/create.palettes/layered_granite_from_granite_stonecutting": {
    "criteria": {
      "has_granite": "2024-10-31 03:45:56 +0000"
    },
    "done": true
  },
  "additionalguns:recipes/additionalguns/tactical_silencer": {
    "criteria": {
      "has_iron_ingot": "2024-11-07 20:03:10 +0000"
    },
    "done": true
  },
  "undead:stronk": {
    "criteria": {
      "stronk": "2024-11-06 23:31:01 +0000"
    },
    "done": true
  },
  "minecraft:recipes/tools/diamond_shovel": {
    "criteria": {
      "has_diamond": "2024-11-07 20:03:14 +0000"
    },
    "done": true
  },
  "minecraft:recipes/building_blocks/dark_oak_stairs": {
    "criteria": {
      "has_planks": "2024-11-07 20:35:49 +0000"
    },
    "done": true
  },
  "minecraft:story/enter_the_nether": {
    "criteria": {
      "entered_nether": "2024-10-31 03:44:20 +0000"
    },
    "done": true
  },
  "mcwdoors:recipes/metal": {
    "criteria": {
      "has_wood": "2024-10-31 02:47:26 +0000"
    },
    "done": true
  },
  "create:recipes/create.palettes/granite_bricks_from_granite_stonecutting": {
    "criteria": {
      "has_granite": "2024-10-31 03:45:56 +0000"
    },
    "done": true
  },
  "minecraft:recipes/building_blocks/granite_slab": {
    "criteria": {
      "has_granite": "2024-10-31 03:45:56 +0000"
    },
    "done": true
  },
  "chisel:recipes/chisel/auto_chisel": {
    "criteria": {
      "has_iron": "2024-11-07 20:03:10 +0000"
    },
    "done": true
  },
  "minecraft:recipes/decorations/dark_oak_sign": {
    "criteria": {
      "has_dark_oak_planks": "2024-11-07 20:35:49 +0000"
    },
    "done": true
  },
  "minecraft:recipes/building_blocks/spruce_stairs": {
    "criteria": {
      "has_planks": "2024-11-07 20:35:47 +0000"
    },
    "done": true
  },
  "mcwfurnituresbop:recipes/magic": {
    "criteria": {
      "has_wood": "2024-10-31 02:47:26 +0000"
    },
    "done": true
  },
  "create:recipes/create.palettes/paved_diorite_slab_from_paved_diorite_stonecutting": {
    "criteria": {
      "has_paved_diorite": "2024-10-31 02:51:18 +0000"
    },
    "done": true
  },
  "additionalguns:recipes/additionalguns/over_under": {
    "criteria": {
      "has_planks": "2024-10-31 03:22:32 +0000"
    },
    "done": true
  },
  "mcwfurnituresbop:recipes/jacaranda": {
    "criteria": {
      "has_wood": "2024-10-31 02:47:27 +0000"
    },
    "done": true
  },
  "minecraft:recipes/decorations/glass_pane": {
    "criteria": {
      "has_glass": "2024-10-31 03:41:40 +0000"
    },
    "done": true
  },
  "create:root": {
    "criteria": {
      "0": "2024-10-31 02:47:26 +0000"
    },
    "done": true
  },
  "createdeco:recipes/createdeco.metals/iron_sheet_stairs_from_iron_sheet_metal_stonecutting": {
    "criteria": {
      "has_iron_sheet_metal": "2024-10-31 03:01:36 +0000"
    },
    "done": true
  },
  "createdeco:recipes/createdeco.metals/netherite_sheet_stairs": {
    "criteria": {
      "has_netherite_sheet_metal": "2024-10-31 03:01:44 +0000"
    },
    "done": true
  },
  "minecraft:recipes/building_blocks/magenta_stained_glass": {
    "criteria": {
      "has_glass": "2024-10-31 03:41:40 +0000"
    },
    "done": true
  },
  "minecraft:story/mine_diamond": {
    "criteria": {
      "diamond": "2024-11-07 20:03:14 +0000"
    },
    "done": true
  },
  "minecraft:recipes/building_blocks/polished_granite_stairs_from_granite_stonecutting": {
    "criteria": {
      "has_granite": "2024-10-31 03:45:56 +0000"
    },
    "done": true
  },
  "minecraft:recipes/combat/diamond_helmet": {
    "criteria": {
      "has_diamond": "2024-11-07 20:03:14 +0000"
    },
    "done": true
  },
  "minecraft:recipes/transportation/oak_boat": {
    "criteria": {
      "in_water": "2024-10-31 02:47:37 +0000"
    },
    "done": true
  },
  "minecraft:recipes/decorations/anvil": {
    "criteria": {
      "has_iron_block": "2024-11-08 04:10:20 +0000"
    },
    "done": true
  },
  "createdeco:recipes/createdeco.props/brass_coin": {
    "criteria": {
      "has_item": "2024-11-06 23:52:07 +0000"
    },
    "done": true
  },
  "additionalguns:recipes/additionalguns/vector": {
    "criteria": {
      "has_iron_ingot": "2024-11-07 20:03:10 +0000"
    },
    "done": true
  },
  "securitycraft:recipes/securitycraft/secret_dark_oak_sign_item": {
    "criteria": {
      "has_sign": "2024-11-08 15:43:40 +0000"
    },
    "done": true
  },
  "cgm:recipes/cgm/rifle": {
    "criteria": {
      "has_iron_ingot": "2024-11-07 20:03:10 +0000"
    },
    "done": true
  },
  "minecraft:recipes/building_blocks/cyan_concrete_powder": {
    "criteria": {
      "has_gravel": "2024-10-31 02:47:36 +0000"
    },
    "done": true
  },
  "securitycraft:recipes/securitycraft/secret_crimson_sign_item": {
    "criteria": {
      "has_sign": "2024-11-08 15:43:40 +0000"
    },
    "done": true
  },
  "createdeco:recipes/createdeco.bricks/cracked_dusk_bricks_wall_from_cracked_dusk_bricks_stonecutting": {
    "criteria": {
      "has_cracked_dusk_bricks": "2024-11-06 23:26:51 +0000"
    },
    "done": true
  },
  "minecraft:recipes/combat/golden_boots": {
    "criteria": {
      "has_gold_ingot": "2024-11-07 20:03:12 +0000"
    },
    "done": true
  },
  "minecraft:recipes/decorations/spruce_sign": {
    "criteria": {
      "has_spruce_planks": "2024-11-07 20:35:47 +0000"
    },
    "done": true
  },
  "additionalguns:recipes/additionalguns/mp7a2": {
    "criteria": {
      "has_iron_ingot": "2024-11-07 20:03:10 +0000"
    },
    "done": true
  },
  "biomesoplenty:recipes/food/rabbit_stew_from_toadstool": {
    "criteria": {
      "has_cooked_rabbit": "2024-11-07 20:46:22 +0000"
    },
    "done": true
  },
  "securitycraft:recipes/securitycraft/keycard_lv2": {
    "criteria": {
      "has_iron": "2024-11-07 20:03:10 +0000"
    },
    "done": true
  },
  "biomesoplenty:recipes/building_blocks/stripped_cherry_wood": {
    "criteria": {
      "has_log": "2024-11-06 22:06:46 +0000"
    },
    "done": true
  },
  "securitycraft:recipes/securitycraft/keycard_lv1": {
    "criteria": {
      "has_iron": "2024-11-07 20:03:10 +0000"
    },
    "done": true
  },
  "securitycraft:recipes/securitycraft/reinforced_cyan_stained_glass": {
    "criteria": {
      "has_glass": "2024-10-31 03:41:40 +0000"
    },
    "done": true
  },
  "minecraft:recipes/building_blocks/polished_diorite_stairs_from_diorite_stonecutting": {
    "criteria": {
      "has_diorite": "2024-11-08 15:48:55 +0000"
    },
    "done": true
  },
  "minecraft:recipes/building_blocks/stone_bricks_from_stone_stonecutting": {
    "criteria": {
      "has_stone": "2024-10-31 03:19:45 +0000"
    },
    "done": true
  },
  "minecraft:recipes/decorations/loom": {
    "criteria": {
      "has_string": "2024-11-07 21:08:07 +0000"
    },
    "done": true
  },
  "biomesoplenty:recipes/transportation/palm_boat": {
    "criteria": {
      "in_water": "2024-10-31 02:47:37 +0000"
    },
    "done": true
  },
  "create:recipes/create.palettes/andesite_bricks_slab_from_andesite_bricks_stonecutting": {
    "criteria": {
      "has_andesite_bricks": "2024-10-31 03:50:38 +0000"
    },
    "done": true
  },
  "securitycraft:recipes/securitycraft/bouncing_betty": {
    "criteria": {
      "has_iron": "2024-11-07 20:03:10 +0000"
    },
    "done": true
  },
  "minecraft:recipes/tools/diamond_axe": {
    "criteria": {
      "has_diamond": "2024-11-07 20:03:14 +0000"
    },
    "done": true
  },
  "undead:ughspore": {
    "criteria": {
      "ughspore": "2024-11-06 23:33:58 +0000"
    },
    "done": true
  },
  "createdeco:recipes/createdeco.metals/gold_bars": {
    "criteria": {
      "has_item": "2024-11-07 20:03:12 +0000"
    },
    "done": true
  },
  "create:recipes/create.base/crafting/kinetics/light_blue_seat": {
    "criteria": {
      "has_wool": "2024-10-31 03:34:30 +0000"
    },
    "done": true
  },
  "biomesoplenty:recipes/transportation/redwood_boat": {
    "criteria": {
      "in_water": "2024-10-31 02:47:37 +0000"
    },
    "done": true
  },
  "minecraft:recipes/decorations/scaffolding": {
    "criteria": {
      "has_bamboo": "2024-11-07 18:51:47 +0000"
    },
    "done": true
  },
  "biomesoplenty:recipes/redstone/fir_button": {
    "criteria": {
      "has_planks": "2024-10-31 03:22:32 +0000"
    },
    "done": true
  },
  "securitycraft:recipes/securitycraft/reinforced_glass_pane": {
    "criteria": {
      "has_glass": "2024-10-31 03:41:40 +0000"
    },
    "done": true
  },
  "additionalguns:recipes/additionalguns/mammoth": {
    "criteria": {
      "has_iron_ingot": "2024-11-07 20:03:10 +0000"
    },
    "done": true
  },
  "mcwfurnitures:recipes/dark_oak": {
    "criteria": {
      "has_wood": "2024-10-31 02:47:26 +0000"
    },
    "done": true
  },
  "minecraft:recipes/decorations/painting": {
    "criteria": {
      "has_wool": "2024-10-31 03:34:30 +0000"
    },
    "done": true
  },
  "securitycraft:recipes/securitycraft/reinforced_brown_stained_glass_pane_from_glass": {
    "criteria": {
      "has_glass": "2024-10-31 03:41:40 +0000"
    },
    "done": true
  },
  "mcwfurnitures:recipes/jungle": {
    "criteria": {
      "has_wood": "2024-10-31 02:47:26 +0000"
    },
    "done": true
  },
  "minecraft:recipes/building_blocks/white_stained_glass": {
    "criteria": {
      "has_glass": "2024-10-31 03:41:40 +0000"
    },
    "done": true
  },
  "additionalguns:recipes/additionalguns/p250": {
    "criteria": {
      "has_iron_ingot": "2024-11-07 20:03:10 +0000"
    },
    "done": true
  },
  "create:recipes/create.base/crafting/kinetics/orange_seat": {
    "criteria": {
      "has_wool": "2024-10-31 03:34:30 +0000"
    },
    "done": true
  },
  "securitycraft:recipes/securitycraft/sc_manual": {
    "criteria": {
      "has_wood": "2024-10-31 03:22:31 +0000"
    },
    "done": true
  },
  "securitycraft:recipes/securitycraft/keycard_lv4": {
    "criteria": {
      "has_iron": "2024-11-07 20:03:10 +0000"
    },
    "done": true
  },
  "additionalguns:recipes/additionalguns/ssg08": {
    "criteria": {
      "has_iron_ingot": "2024-11-07 20:03:10 +0000"
    },
    "done": true
  },
  "mcwfurnitures:recipes/spruce": {
    "criteria": {
      "has_wood": "2024-10-31 02:47:26 +0000"
    },
    "done": true
  },
  "securitycraft:recipes/securitycraft/keycard_lv3": {
    "criteria": {
      "has_iron": "2024-11-07 20:03:10 +0000"
    },
    "done": true
  },
  "minecraft:recipes/building_blocks/stone_slab": {
    "criteria": {
      "has_stone": "2024-10-31 03:19:45 +0000"
    },
    "done": true
  },
  "securitycraft:recipes/securitycraft/keycard_lv5": {
    "criteria": {
      "has_iron": "2024-11-07 20:03:10 +0000"
    },
    "done": true
  },
  "minecraft:recipes/building_blocks/coal_block": {
    "criteria": {
      "has_coal": "2024-11-07 20:03:16 +0000"
    },
    "done": true
  },
  "securitycraft:recipes/securitycraft/reinforced_yellow_stained_glass_pane_from_dye": {
    "criteria": {
      "has_glass": "2024-10-31 03:41:40 +0000"
    },
    "done": true
  },
  "additionalguns:recipes/additionalguns/m4a1s": {
    "criteria": {
      "has_sponge": "2024-11-06 22:40:54 +0000"
    },
    "done": true
  },
  "create:recipes/create.base/crafting/kinetics/gray_seat": {
    "criteria": {
      "has_wool": "2024-10-31 03:34:30 +0000"
    },
    "done": true
  },
  "create:recipes/create.base/crafting/kinetics/magenta_seat": {
    "criteria": {
      "has_wool": "2024-10-31 03:34:30 +0000"
    },
    "done": true
  },
  "minecraft:recipes/redstone/light_weighted_pressure_plate": {
    "criteria": {
      "has_gold_ingot": "2024-11-07 20:03:12 +0000"
    },
    "done": true
  },
  "minecraft:recipes/tools/stone_shovel": {
    "criteria": {
      "has_cobblestone": "2024-11-07 18:51:10 +0000"
    },
    "done": true
  },
  "additionalguns:recipes/additionalguns/glock18": {
    "criteria": {
      "has_iron_ingot": "2024-11-07 20:03:10 +0000"
    },
    "done": true
  },
  "minecraft:recipes/building_blocks/blue_concrete_powder": {
    "criteria": {
      "has_gravel": "2024-10-31 02:47:36 +0000"
    },
    "done": true
  },
  "createdeco:recipes/createdeco.bricks/cracked_blue_bricks_stairs_from_blue_bricks_stairs_blasting": {
    "criteria": {
      "has_blue_bricks_stairs": "2024-10-31 03:17:23 +0000"
    },
    "done": true
  },
  "minecraft:recipes/building_blocks/cyan_stained_glass": {
    "criteria": {
      "has_glass": "2024-10-31 03:41:40 +0000"
    },
    "done": true
  },
  "minecraft:recipes/building_blocks/diorite_stairs": {
    "criteria": {
      "has_diorite": "2024-11-08 15:48:54 +0000"
    },
    "done": true
  },
  "createdeco:recipes/createdeco.bricks/cracked_dusk_bricks_stairs": {
    "criteria": {
      "has_cracked_dusk_bricks": "2024-11-06 23:26:51 +0000"
    },
    "done": true
  },
  "minecraft:recipes/building_blocks/spruce_slab": {
    "criteria": {
      "has_planks": "2024-11-07 20:35:47 +0000"
    },
    "done": true
  },
  "undead:heavyic": {
    "criteria": {
      "heavyic": "2024-11-08 03:08:53 +0000"
    },
    "done": true
  },
  "biomesoplenty:recipes/redstone/fir_door": {
    "criteria": {
      "has_planks": "2024-10-31 03:22:32 +0000"
    },
    "done": true
  },
  "minecraft:recipes/building_blocks/granite_slab_from_granite_stonecutting": {
    "criteria": {
      "has_granite": "2024-10-31 03:45:56 +0000"
    },
    "done": true
  },
  "securitycraft:recipes/securitycraft/reinforced_andesite": {
    "criteria": {
      "has_cobblestone": "2024-11-07 18:51:10 +0000"
    },
    "done": true
  },
  "cgm:recipes/cgm/workbench": {
    "criteria": {
      "has_iron": "2024-11-07 20:03:10 +0000"
    },
    "done": true
  },
  "additionalguns:recipes/additionalguns/fn2000": {
    "criteria": {
      "has_iron_ingot": "2024-11-07 20:03:10 +0000"
    },
    "done": true
  },
  "additionalguns:recipes/additionalguns/ots_03": {
    "criteria": {
      "has_iron_ingot": "2024-11-07 20:03:10 +0000"
    },
    "done": true
  },
  "minecraft:recipes/building_blocks/andesite": {
    "criteria": {
      "has_stone": "2024-11-08 15:48:54 +0000"
    },
    "done": true
  },
  "securitycraft:recipes/securitycraft/floor_trap": {
    "criteria": {
      "has_iron": "2024-11-07 20:03:10 +0000"
    },
    "done": true
  },
  "minecraft:recipes/combat/golden_helmet": {
    "criteria": {
      "has_gold_ingot": "2024-11-07 20:03:12 +0000"
    },
    "done": true
  },
  "additionalguns:recipes/additionalguns/casing_long": {
    "criteria": {
      "has_iron_nugget": "2024-11-07 20:49:43 +0000"
    },
    "done": true
  },
  "securitycraft:recipes/securitycraft/reinforced_black_stained_glass": {
    "criteria": {
      "has_glass": "2024-10-31 03:41:40 +0000"
    },
    "done": true
  },
  "create:recipes/create.palettes/paved_granite_from_granite_stonecutting": {
    "criteria": {
      "has_granite": "2024-10-31 03:45:56 +0000"
    },
    "done": true
  },
  "minecraft:recipes/redstone/oak_pressure_plate": {
    "criteria": {
      "has_planks": "2024-11-08 03:11:20 +0000"
    },
    "done": true
  },
  "cgm:recipes/cgm/bazooka": {
    "criteria": {
      "has_iron_ingot": "2024-11-07 20:03:10 +0000"
    },
    "done": true
  },
  "biomesoplenty:biomesoplenty/root": {
    "criteria": {
      "fir_clearing": "2024-10-31 02:43:53 +0000"
    },
    "done": true
  },
  "securitycraft:recipes/securitycraft/laser_block": {
    "criteria": {
      "has_stone": "2024-11-07 18:51:10 +0000"
    },
    "done": true
  },
  "additionalguns:recipes/additionalguns/ak15": {
    "criteria": {
      "has_iron_ingot": "2024-11-07 20:03:10 +0000"
    },
    "done": true
  },
  "cgm:recipes/cgm/shotgun": {
    "criteria": {
      "has_iron_ingot": "2024-11-07 20:03:10 +0000"
    },
    "done": true
  },
  "additionalguns:recipes/additionalguns/ak12": {
    "criteria": {
      "has_iron_ingot": "2024-11-07 20:03:10 +0000"
    },
    "done": true
  },
  "additionalguns:recipes/additionalguns/m4a4": {
    "criteria": {
      "has_iron_ingot": "2024-11-07 20:03:10 +0000"
    },
    "done": true
  },
  "minecraft:recipes/misc/slime_ball": {
    "criteria": {
      "has_slime": "2024-11-06 21:51:13 +0000"
    },
    "done": true
  },
  "cgm:recipes/cgm/shell": {
    "criteria": {
      "has_gunpowder": "2024-11-06 21:47:03 +0000"
    },
    "done": true
  },
  "sophisticatedbackpacks:recipes/sophisticatedbackpacks/smoking_upgrade": {
    "criteria": {
      "has_upgrade_base": "2024-10-31 02:47:26 +0000"
    },
    "done": true
  },
  "minecraft:story/form_obsidian": {
    "criteria": {
      "obsidian": "2024-10-31 03:43:55 +0000"
    },
    "done": true
  },
  "create:recipes/create.palettes/dark_oak_window": {
    "criteria": {
      "has_ingredient": "2024-11-07 20:35:49 +0000"
    },
    "done": true
  },
  "valhelsia_structures:recipes/valhelsia_structures_main/bone_pile_block": {
    "criteria": {
      "has_item": "2024-10-31 03:20:28 +0000"
    },
    "done": true
  },
  "minecraft:recipes/building_blocks/acacia_planks": {
    "criteria": {
      "has_log": "2024-11-06 20:58:59 +0000"
    },
    "done": true
  },
  "securitycraft:recipes/securitycraft/reinforced_light_gray_stained_glass_pane_from_dye": {
    "criteria": {
      "has_glass": "2024-10-31 03:41:40 +0000"
    },
    "done": true
  },
  "additionalguns:recipes/additionalguns/custom_mac": {
    "criteria": {
      "has_iron_ingot": "2024-11-07 20:03:10 +0000"
    },
    "done": true
  },
  "create:recipes/create.palettes/diorite_bricks_stairs_from_diorite_bricks_stonecutting": {
    "criteria": {
      "has_diorite_bricks": "2024-10-31 02:51:19 +0000"
    },
    "done": true
  },
  "minecraft:recipes/redstone/oak_button": {
    "criteria": {
      "has_planks": "2024-11-08 03:11:20 +0000"
    },
    "done": true
  },
  "securitycraft:recipes/securitycraft/secret_acacia_sign_item": {
    "criteria": {
      "has_sign": "2024-11-08 15:43:40 +0000"
    },
    "done": true
  },
  "securitycraft:recipes/securitycraft/reinforced_magenta_stained_glass": {
    "criteria": {
      "has_glass": "2024-10-31 03:41:40 +0000"
    },
    "done": true
  },
  "create:recipes/create.palettes/tiled_glass_from_glass_colorless_stonecutting": {
    "criteria": {
      "has_glass_colorless": "2024-10-31 03:41:40 +0000"
    },
    "done": true
  },
  "additionalguns:recipes/additionalguns/banshee": {
    "criteria": {
      "has_sponge": "2024-11-06 22:40:54 +0000"
    },
    "done": true
  },
  "cgm:recipes/cgm/weighted_stock": {
    "criteria": {
      "has_iron_ingot": "2024-11-07 20:49:43 +0000"
    },
    "done": true
  },
  "minecraft:recipes/redstone/dark_oak_pressure_plate": {
    "criteria": {
      "has_planks": "2024-11-07 20:35:49 +0000"
    },
    "done": true
  },
  "securitycraft:recipes/securitycraft/reinforced_pink_stained_glass": {
    "criteria": {
      "has_glass": "2024-10-31 03:41:40 +0000"
    },
    "done": true
  },
  "minecraft:recipes/redstone/iron_door": {
    "criteria": {
      "has_iron_ingot": "2024-11-07 20:03:10 +0000"
    },
    "done": true
  },
  "mcwdoors:recipes/warped": {
    "criteria": {
      "has_wood": "2024-10-31 02:47:26 +0000"
    },
    "done": true
  },
  "createdeco:recipes/createdeco.metals/netherite_sheet_slab_from_netherite_sheet_metal_stonecutting": {
    "criteria": {
      "has_netherite_sheet_metal": "2024-10-31 03:01:44 +0000"
    },
    "done": true
  },
  "securitycraft:recipes/securitycraft/reinforced_purple_stained_glass": {
    "criteria": {
      "has_glass": "2024-10-31 03:41:40 +0000"
    },
    "done": true
  },
  "minecraft:recipes/decorations/composter": {
    "criteria": {
      "has_wood_slab": "2024-11-06 22:06:43 +0000"
    },
    "done": true
  },
  "additionalguns:recipes/additionalguns/casing_special": {
    "criteria": {
      "has_iron_nugget": "2024-11-07 20:49:43 +0000"
    },
    "done": true
  },
  "createdeco:recipes/createdeco.metals/netherite_sheet_slab": {
    "criteria": {
      "has_netherite_sheet_metal": "2024-10-31 03:01:44 +0000"
    },
    "done": true
  },
  "undead:saw": {
    "criteria": {
      "saw": "2024-11-06 23:33:01 +0000"
    },
    "done": true
  },
  "undead:butthpyro": {
    "criteria": {
      "butthpyro": "2024-11-06 23:00:59 +0000"
    },
    "done": true
  },
  "biomesoplenty:recipes/building_blocks/cherry_planks": {
    "criteria": {
      "has_logs": "2024-11-06 22:06:46 +0000"
    },
    "done": true
  },
  "minecraft:recipes/misc/iron_ingot_from_nuggets": {
    "criteria": {
      "has_iron_nugget": "2024-11-07 20:49:43 +0000"
    },
    "done": true
  },
  "securitycraft:recipes/securitycraft/reinforced_pink_stained_glass_pane_from_dye": {
    "criteria": {
      "has_glass": "2024-10-31 03:41:40 +0000"
    },
    "done": true
  },
  "minecraft:recipes/redstone/oak_door": {
    "criteria": {
      "has_planks": "2024-11-08 03:11:20 +0000"
    },
    "done": true
  },
  "securitycraft:recipes/securitycraft/reinforced_lime_stained_glass_pane_from_dye": {
    "criteria": {
      "has_glass": "2024-10-31 03:41:40 +0000"
    },
    "done": true
  },
  "minecraft:recipes/transportation/jungle_boat": {
    "criteria": {
      "in_water": "2024-10-31 02:47:37 +0000"
    },
    "done": true
  },
  "cgm:recipes/cgm/pistol": {
    "criteria": {
      "has_iron_ingot": "2024-11-07 20:03:10 +0000"
    },
    "done": true
  },
  "minecraft:recipes/decorations/stone_brick_walls_from_stone_stonecutting": {
    "criteria": {
      "has_stone": "2024-10-31 03:19:45 +0000"
    },
    "done": true
  },
  "securitycraft:recipes/securitycraft/mine": {
    "criteria": {
      "has_iron": "2024-11-07 20:03:10 +0000"
    },
    "done": true
  },
  "minecraft:recipes/misc/iron_ingot_from_iron_block": {
    "criteria": {
      "has_iron_block": "2024-11-08 04:10:20 +0000"
    },
    "done": true
  },
  "create:recipes/create.base/crafting/kinetics/green_seat": {
    "criteria": {
      "has_wool": "2024-10-31 03:34:30 +0000"
    },
    "done": true
  },
  "minecraft:recipes/redstone/heavy_weighted_pressure_plate": {
    "criteria": {
      "has_iron_ingot": "2024-11-07 20:03:10 +0000"
    },
    "done": true
  },
  "create:recipes/create.palettes/layered_diorite_from_diorite_stonecutting": {
    "criteria": {
      "has_diorite": "2024-11-08 15:48:54 +0000"
    },
    "done": true
  },
  "minecraft:recipes/transportation/dark_oak_boat": {
    "criteria": {
      "in_water": "2024-10-31 02:47:37 +0000"
    },
    "done": true
  },
  "createdeco:recipes/createdeco.metals/iron_bars_from_panel": {
    "criteria": {
      "has_item": "2024-10-31 03:04:34 +0000"
    },
    "done": true
  },
  "sophisticatedbackpacks:recipes/sophisticatedbackpacks/auto_smoking_upgrade_from_auto_smelting_upgrade": {
    "criteria": {
      "has_auto_smelting_upgrade": "2024-10-31 02:47:26 +0000"
    },
    "done": true
  },
  "additionalguns:recipes/additionalguns/mat_49": {
    "criteria": {
      "has_iron_ingot": "2024-11-07 20:03:10 +0000"
    },
    "done": true
  },
  "cgm:recipes/cgm/short_scope": {
    "criteria": {
      "has_glass_pane": "2024-11-07 20:39:08 +0000"
    },
    "done": true
  },
  "create:recipes/create.palettes/diorite_bricks_slab": {
    "criteria": {
      "has_diorite_bricks": "2024-10-31 02:51:19 +0000"
    },
    "done": true
  },
  "create:recipes/create.base/crafting/kinetics/pink_seat": {
    "criteria": {
      "has_wool": "2024-10-31 03:34:30 +0000"
    },
    "done": true
  },
  "minecraft:recipes/building_blocks/polished_granite": {
    "criteria": {
      "has_stone": "2024-10-31 03:45:56 +0000"
    },
    "done": true
  },
  "securitycraft:recipes/securitycraft/reinforced_white_stained_glass": {
    "criteria": {
      "has_glass": "2024-10-31 03:41:40 +0000"
    },
    "done": true
  },
  "securitycraft:recipes/securitycraft/briefcase": {
    "criteria": {
      "has_iron": "2024-11-07 20:03:10 +0000"
    },
    "done": true
  },
  "minecraft:recipes/combat/golden_leggings": {
    "criteria": {
      "has_gold_ingot": "2024-11-07 20:03:12 +0000"
    },
    "done": true
  },
  "minecraft:recipes/building_blocks/stone_stairs": {
    "criteria": {
      "has_stone": "2024-10-31 03:19:45 +0000"
    },
    "done": true
  },
  "minecraft:recipes/redstone/spruce_trapdoor": {
    "criteria": {
      "has_planks": "2024-11-07 20:35:47 +0000"
    },
    "done": true
  },
  "securitycraft:recipes/securitycraft/secret_birch_sign_item": {
    "criteria": {
      "has_sign": "2024-11-08 15:43:40 +0000"
    },
    "done": true
  },
  "mcwfurnituresbop:recipes/palm": {
    "criteria": {
      "has_wood": "2024-10-31 02:47:26 +0000"
    },
    "done": true
  },
  "mcwdoors:recipes/crimson": {
    "criteria": {
      "has_wood": "2024-10-31 02:47:26 +0000"
    },
    "done": true
  },
  "minecraft:recipes/decorations/dark_oak_fence": {
    "criteria": {
      "has_planks": "2024-11-07 20:35:49 +0000"
    },
    "done": true
  },
  "mcwdoors:recipes/cherry_print": {
    "criteria": {
      "has_wood": "2024-10-31 02:47:26 +0000"
    },
    "done": true
  },
  "minecraft:recipes/combat/diamond_boots": {
    "criteria": {
      "has_diamond": "2024-11-07 20:03:14 +0000"
    },
    "done": true
  },
  "securitycraft:recipes/securitycraft/reinforced_fence_gate": {
    "criteria": {
      "has_iron": "2024-11-07 20:03:10 +0000"
    },
    "done": true
  },
  "biomesoplenty:recipes/redstone/fir_fence_gate": {
    "criteria": {
      "has_planks": "2024-10-31 03:22:32 +0000"
    },
    "done": true
  },
  "undead:tastyglow": {
    "criteria": {
      "tastyglow": "2024-11-06 23:32:46 +0000"
    },
    "done": true
  },
  "minecraft:story/smelt_iron": {
    "criteria": {
      "iron": "2024-11-07 20:03:10 +0000"
    },
    "done": true
  },
  "create:recipes/create.palettes/diorite_bricks_from_diorite_stonecutting": {
    "criteria": {
      "has_diorite": "2024-11-08 15:48:54 +0000"
    },
    "done": true
  },
  "create:recipes/create.base/crafting/kinetics/light_gray_seat": {
    "criteria": {
      "has_wool": "2024-10-31 03:34:30 +0000"
    },
    "done": true
  },
  "securitycraft:recipes/securitycraft/secret_sign_item": {
    "criteria": {
      "has_sign": "2024-11-08 15:43:40 +0000"
    },
    "done": true
  },
  "minecraft:recipes/building_blocks/pink_stained_glass": {
    "criteria": {
      "has_glass": "2024-10-31 03:41:40 +0000"
    },
    "done": true
  },
  "undead:bb": {
    "criteria": {
      "bb": "2024-11-06 23:31:21 +0000"
    },
    "done": true
  },
  "repurposed_structures:root": {
    "criteria": {
      "always": "2024-10-31 02:43:53 +0000"
    },
    "done": true
  },
  "minecraft:recipes/building_blocks/bone_block": {
    "criteria": {
      "has_bonemeal": "2024-11-06 21:17:42 +0000"
    },
    "done": true
  },
  "DataVersion": 2586
}