{
  "biomesoplenty:biomesoplenty/root": {
    "criteria": {
      "fir_clearing": "2024-10-30 16:34:28 -0300"
    },
    "done": true
  },
  "biomesoplenty:biomesoplenty/all_biomes": {
    "criteria": {
      "coniferous_forest": "2024-10-30 16:35:37 -0300",
      "fir_clearing": "2024-10-30 16:34:28 -0300",
      "gravel_beach": "2024-10-30 16:35:32 -0300"
    },
    "done": false
  },
  "undead:undeadto": {
    "criteria": {
      "undeadto": "2024-10-30 16:34:28 -0300"
    },
    "done": true
  },
  "repurposed_structures:root": {
    "criteria": {
      "always": "2024-10-30 16:34:28 -0300"
    },
    "done": true
  },
  "minecraft:adventure/adventuring_time": {
    "criteria": {
      "minecraft:taiga": "2024-10-30 16:34:56 -0300",
      "minecraft:river": "2024-10-30 16:34:45 -0300"
    },
    "done": false
  },
  "DataVersion": 2586
}